inputs,response
"조건에 맞추어서 입력 가사를 출력 가사로 재작성하라.
단, 상위 > 중위 > 하위 순으로 중요도가 존재한다.

[상위 조건]
-- 입력되는 상황에 어울리도록 작성하라
-- 입력 가사와 출력 가사의 리듬 및 음절 수를 일치하라

[중위 조건]
-- 입력 가사의 리듬과 Rhyme을 유지하라
-- 입력 가사의 단어의 음절과 강세, 발음을 고려하라
-- 입력 가사와 동일한 단어를 사용할 수는 있지만 남발해서는 안된다.

[하위 조건]
-- 발음하기 쉽고, 노래부르기에 적합하도록 작성하라


입력 가사: 예 교수님 과제는 다섯 개군요.(네?)
아뇨 불만 없어요 다 해올게요 (네)
심지어 창작 과제가 두 개라고요? (아)
잠을 줄여서라도 해야죠 암요 (암요)
어 궁금하진 않지만
질문은 없냐 시기에 여쭤보자면
학생들에게 다
이런 과제를 내주시나요

이 노래는 교수님이 쓰라 해서
쓰는 노래 솔직히 대충 만들었네
다음 주엔 인간적인 양의 과제를
받았음 해 그랬음 해 어

교수님 죄송합니다
이런 가사를 썼기에
교수님 죄송합니다
기타야 사과드려

과제를 받았지만 또 다른 할 일이
산처럼 쌓여 있었기에
미루고 미루다
하루 전 날에 애써 만든

이 노래는 교수님이 쓰라 해서
쓰는 노래 솔직히 대충 만들었네
다음 주엔 인간적인 양의 과제를
받았음 해 그랬음 해 어

교수님 죄송합니다
이런 가사를 썼기에
교수님 죄송합니다
진짜 진짜

아 진짜 죄송합니다
(교수님 죄송합니다 이런 가사를 썼기에)
아 진짜 죄송합니다
(교수님 죄송합니다 이런 가사를 썼기에)
죄송합니다

그렇게 잠도 안 자고
밤 새 가며 다 하고
박카스 빈 병을 늘어나기만 하고
원래 피곤한 얼굴에 더해진 다크서클은
고장이 났나
이른 아침 일교시 기타를 메고 등교해
강의실 문을 똑똑똑 안녕하세요
과제 몇 개 해왔냐는 교수님의 질문에
다 해왔어요
(그걸 진짜 다 해왔어요?)
 

상황 : 고등학생이 시험을 보고 선생님께 부르는 상황

출력 가사: ","예 선생님 범위는 다섯 과군요.(네?)
아뇨 불만 없어요 공부할게요(네)
심지어 서술형 문제도 있다구요?(어)
어 잠을 줄여서 공부해야죠 암요(암요)
어 궁금하진 않지만
질문은 없냐 시기에 여쭤보자면
학생들에게 나
이런 시련을 주시나요

이 노래는 시험 망치고 나서
부른 노래 솔직히 대충 풀었네
다음 번엔 인간적인 양의 범위를
받았음 해 그랬음 해 어

선생님 죄송합니다
이런 점수를 받았기에
선생님 죄송합니다
기타야 사과드려

범위를 받았지만 또 다른 과목의
공부도 쌓여 있었기에
미루고 미루다
하루 전 날에 벼락치기

이 노래는 시험 망치고 나서
부른 노래 솔직히 너무 어려웠네
다음 번엔 인간적인 양의 과제를
받았음 해 그랬음 해

선생님 죄송합니다
이런 점수를 받았기에
선생님 죄송합니다
진짜 진짜

아 진짜 죄송합니다
(선생님 죄송합니다 이런 점수를 받았기에)
아 진짜 죄송합니다
(선생님 죄송합니다 이런 점수를 받았기에)
죄송합니다

그렇게 잠도 안자고
밤새며 공부하고
핫식스 빈 캔은 늘어나기만 하고
원래 피곤한 얼굴에 더해진 다크서클은
고장이 났나
이른 아침 일교시 가방 매고 등교해
우리반 문을 똑똑똑 애들아 안녕
공부는 해왔냐는 선생님의 질문에
못하겠어요
(그걸 대체 왜 못해?)
"
"조건에 맞추어서 입력 가사를 출력 가사로 재작성하라.
단, 상위 > 중위 > 하위 순으로 중요도가 존재한다.

[상위 조건]
-- 입력되는 상황에 어울리도록 작성하라
-- 입력 가사와 출력 가사의 리듬 및 음절 수를 일치하라

[중위 조건]
-- 입력 가사의 리듬과 Rhyme을 유지하라
-- 입력 가사의 단어의 음절과 강세, 발음을 고려하라
-- 입력 가사와 동일한 단어를 사용할 수는 있지만 남발해서는 안된다.

[하위 조건]
-- 발음하기 쉽고, 노래부르기에 적합하도록 작성하라


입력 가사: 살다보면 그런저지
우후 말은 되지
모두들의 잘못인가
난 모두를 알고 있지 닥쳐
노래하면 잊혀지나
사랑하면 사랑받나
돈많으면 성공하나
차있으면 빨리가지 닥쳐
닥쳐 닥쳐 닥쳐 닥치고 내말들어
우리는 달려야해
바보놈이 될순 없어 말달리자
말달리자 말달리자
말달리자 말달리자
이러다가 늙는 거지
그땔위해 일해야되
모든것은 막혀있어
우리에겐 힘이없지 닥쳐
사랑은 어려운거야
복잡하고 예쁜거지
잊으려면 잊혀질까
상처받기 쉬운거야 닥쳐
닥쳐 닥쳐 닥쳐
닥치고 가만히 있어
우리는 달려야해
거짓에 싸워야해 말달리자
말달리자 말달리자
말달리자 말달리자
워 이런띵굴띵굴한 지구상에서
우리가 할 수 있는 것은
오직 달리는 것 뿐이다
무얼 또 바라냐
어이 이봐 거기 숨어있는 친구
이리나오라구 우리는
 

상황 : 코인투자를 실패해서 화가난 상황

출력 가사: ","유튜브에서 영상 봤지
유튜브 추천 코인
사자마자 떡락하네
적당한 눌림이래 닥쳐
친구한테 전화왔네
나한테만 알려준대
100% 확실하대
사자마자 떡락하네 닥쳐
요놈 친구 새끼 적당한 눌림이래
자기 믿고 존버하래
돈 있으면 추가매수 매수하자
존버하자 매수하자
추가매수 물을타자
매수하다 더 내리면
그땔위해 일해야지
친구놈은 연락두철
나는이제 어떡하지 닥쳐
투자는 어려운거야
뉴스찾고 차트보고
주위소스 믿지말고
내가직접 찾아보자 열공
차트 뉴스 열공
닥치고 모의 투자
분할매수 넓게 해서
세력과 싸워야해 공부하자
유튜브추천 친구추천
하지말고 손절하자
내가 매수하면 떡락하고
내가 매도하면 떡상하는
내방에 세력이 CCTV 달았나
드럽고 치사해서 안한다 에이씨
"
"조건에 맞추어서 입력 가사를 출력 가사로 재작성하라.
단, 상위 > 중위 > 하위 순으로 중요도가 존재한다.

[상위 조건]
-- 입력되는 상황에 어울리도록 작성하라
-- 입력 가사와 출력 가사의 리듬 및 음절 수를 일치하라

[중위 조건]
-- 입력 가사의 리듬과 Rhyme을 유지하라
-- 입력 가사의 단어의 음절과 강세, 발음을 고려하라
-- 입력 가사와 동일한 단어를 사용할 수는 있지만 남발해서는 안된다.

[하위 조건]
-- 발음하기 쉽고, 노래부르기에 적합하도록 작성하라


입력 가사: 나는 문어
꿈을 꾸는 문어
꿈속에서는
무엇이든지 될 수 있어
나는 문어
잠을 자는 문어
잠에 드는 순간
여행이 시작되는 거야
높은 산에 올라가면
나는 초록색 문어
장미꽃 밭 숨어들면
나는 빨간색 문어
횡단보도 건너가면
나는 줄무늬 문어
밤하늘을 날아가면 나는
오색 찬란한
문어가 되는 거야 아아아
야 아아아 아아아
깊은 바닷속은 너무 외로워
춥고 어둡고 차갑고
때로는 무섭기도 해 에에에
야 아아아 아아
그래서 나는 매일 꿈을 꿔
이곳은
참 우울해
 

상황 : 대상을 돼지로 바꿔서 유쾌하게 부르는 상황

출력 가사: ","나는 돼지
꿈을 꾸는 돼지
꿈속에서는 무엇이든지
먹을 수 있어
나는 돼지
잘 먹인 하남 돼지
배가 고픈 순간
여행이 시작되는 거야
 
친구들이 고기 먹자하면
무한 리필 찾아
검은 수트 입고 나면
나는 아무도 안 건드려
살 빼려고 운동하면
나는 그만큼 먹어
 
헬스장에 등록하면 나는
오색찬란한 마동석 되는 거야 아아아
야 아아아 아아아
유산소는 너무 괴로워
내가 꿈에 나오면
복권을 질러야 해 에에에
야 아아아 아아
날씬해지는 꿈을 꿔
깨면은
참 배고파
"
"조건에 맞추어서 입력 가사를 출력 가사로 재작성하라.
단, 상위 > 중위 > 하위 순으로 중요도가 존재한다.

[상위 조건]
-- 입력되는 상황에 어울리도록 작성하라
-- 입력 가사와 출력 가사의 리듬 및 음절 수를 일치하라

[중위 조건]
-- 입력 가사의 리듬과 Rhyme을 유지하라
-- 입력 가사의 단어의 음절과 강세, 발음을 고려하라
-- 입력 가사와 동일한 단어를 사용할 수는 있지만 남발해서는 안된다.

[하위 조건]
-- 발음하기 쉽고, 노래부르기에 적합하도록 작성하라


입력 가사: 우리 다시 만날래
예쁘게 빛나던
모든 추억들이 너무 그리워

너의 품에 안길래
이 밤이 새도록
네게 말할 거야 너를 좋아한다고
 

상황 : 선생님이 학생들에게 부르는 상황

출력 가사: ","너희 다시 숙제내
예쁘게 글씨 써
모든 글자들이 너무 안보여

너희 점수 매길래
이 밤이 새도록
글씨 엉망이면 숙제 다시 낼 거야
"
"조건에 맞추어서 입력 가사를 출력 가사로 재작성하라.
단, 상위 > 중위 > 하위 순으로 중요도가 존재한다.

[상위 조건]
-- 입력되는 상황에 어울리도록 작성하라
-- 입력 가사와 출력 가사의 리듬 및 음절 수를 일치하라

[중위 조건]
-- 입력 가사의 리듬과 Rhyme을 유지하라
-- 입력 가사의 단어의 음절과 강세, 발음을 고려하라
-- 입력 가사와 동일한 단어를 사용할 수는 있지만 남발해서는 안된다.

[하위 조건]
-- 발음하기 쉽고, 노래부르기에 적합하도록 작성하라


입력 가사: 밤하늘의 별을 따서 너에게 줄래
너는 내가 사랑하니까 더 소중하니까
오직 너 아니면 안 된다고 외치고 싶어
그저 내 곁에만 있어줘 떠나지 말아줘
 

상황 : 선생님이 학생들에게 부르는 상황

출력 가사: ","방과후에 집에 가서 공부해 줄래
너넨 내가 지도하니까 내가 담임이니까
밖에 싸다니면 안 된다고 외치고 싶어
그저 방 안에만 있어줘 나가지 말아줘
"
"조건에 맞추어서 입력 가사를 출력 가사로 재작성하라.
단, 상위 > 중위 > 하위 순으로 중요도가 존재한다.

[상위 조건]
-- 입력되는 상황에 어울리도록 작성하라
-- 입력 가사와 출력 가사의 리듬 및 음절 수를 일치하라

[중위 조건]
-- 입력 가사의 리듬과 Rhyme을 유지하라
-- 입력 가사의 단어의 음절과 강세, 발음을 고려하라
-- 입력 가사와 동일한 단어를 사용할 수는 있지만 남발해서는 안된다.

[하위 조건]
-- 발음하기 쉽고, 노래부르기에 적합하도록 작성하라


입력 가사: 달이 차고 내 마음도 차고
이대로 담아 두기엔
너무 안타까워
너를 향해 가는데
달은 내게 오라 손짓하고
귓속에 얘길 하네
지금 이 순간이
바로 그 순간이야
제일 마음에 드는 옷을 입고
노란 꽃 한 송이를 손에 들고
널 바라보다 그만
나도 모르게 웃어버렸네
이게 아닌데
내 마음은 이게 아닌데
널 위해 준비한 오백 가지
멋진 말이 남았는데
사랑한다는
그 흔한 말이 아니야
그보단 더욱더 로맨틱하고
달콤한 말을 준비했단 말야
 

상황 : 학생들에게 삼국통일을 주제로 유쾌하게 개사해서 부르는 상황

출력 가사: ","백제 차고 고구려도 차고
삼국을 통일 하기엔
당이 너무 깝쳐
통일을 향해 가는데
당은 내게 오라 손짓하고
칼들고 얘길 하네
지금 이 순간이
바로 그 매소성이야
제일 마음에 드는 갑옷 입고
피 묻은 칼자루를 손에 들고
당 바라보다 그만
나도 모르게 이겨버렸네
이게 아닌데
내 마음은 이게 아닌데
널 위해 준비한 오백명의
병사들이 남았는데
통일한다는
그 흔한 말이 아니야
그보단 더욱 더 로맨틱하고
달콤한 세계정복 준비했단 말야
"
"조건에 맞추어서 입력 가사를 출력 가사로 재작성하라.
단, 상위 > 중위 > 하위 순으로 중요도가 존재한다.

[상위 조건]
-- 입력되는 상황에 어울리도록 작성하라
-- 입력 가사와 출력 가사의 리듬 및 음절 수를 일치하라

[중위 조건]
-- 입력 가사의 리듬과 Rhyme을 유지하라
-- 입력 가사의 단어의 음절과 강세, 발음을 고려하라
-- 입력 가사와 동일한 단어를 사용할 수는 있지만 남발해서는 안된다.

[하위 조건]
-- 발음하기 쉽고, 노래부르기에 적합하도록 작성하라


입력 가사: 흐르는 물결이 내 발목에 감겨 나가면
깊은 곳에 숨겨둔 아픈 기억 모두 살아나고
어디에 기대 살아갈까 나를 스쳐가는
그 모든 것들이 상처인데

그댈 그린 밤들이
내게 욕심이란 걸 맘 아프게 알아
나를 택한 운명이 행여 그댈 맴돌아
붙잡지 못하게 이제 그대 곁에서 떠나가

내뱉는 숨마다 가시 돋친 고통이어서
깊은 곳에 숨겨둔 사랑 또한 그저 지워내고
어디에 기대 살아갈까 나를 스쳐가는
그 모든 것들이 상처인데

그댈 그린 밤들이
내게 사치라는 걸 맘 아프게 알아
나를 택한 운명이 행여 그댈 맴돌아
붙잡지 못하게 이제 그대 곁에서 떠나가

언젠가 그대 곁에 다시 돌아갈 수 있다면
그때가 언제라도 나를 잊지 않았다면

그댈 그린 날들이
내게 마지막 남은 기쁨이었단 걸
내가 택한 운명이 다른 무엇이 아닌
그대뿐이란 걸 이제 그대 곁에서 영원히
 

상황 : 노래방 알바생이 알바 끝나고 부르는 상황

출력 가사: ","코인 노래방에 최저 임금 받고 일하며
주말도 반납하고 서럽게도 혼자 일을 하네
일하는 것도 서러운데 염장질을 하는
그 모든 커플이 상처인데

내가 치운 방들이
다시 더러워 질 걸 맘 아프게 알아
하비 노래방에서 토를 하고 달아나
붙잡지 못하게 이제 너희는 페북에 뜰거다

치우는 시간에 바닥에 침이 고통이어서 
빤히 보이는 곳에 휴지통이 너희는 안 보이니
일하는 것도 서러운데 날 골탕 먹이는
그 모든 커플이 상처인데

내가 치운 방들이
다시 더러워질걸 맘 아프게 알아
하비 노래방에서 토를 하고 달아나
붙잡지 못하게 이제 너희는 페북에 뜰거다

언젠가 너희들이 일하는 곳을 알게 되면
그 곳이 어디라도 나를 잊지 않았다면

그날 집에 갈 생각
하지 않는 게 좋아 다 뒤질 줄 알아
진상 손님이란 게 정말 어떤 것인지
내가 보여줄게 영상 돌고 돌거야 영원히
"
"조건에 맞추어서 입력 가사를 출력 가사로 재작성하라.
단, 상위 > 중위 > 하위 순으로 중요도가 존재한다.

[상위 조건]
-- 입력되는 상황에 어울리도록 작성하라
-- 입력 가사와 출력 가사의 리듬 및 음절 수를 일치하라

[중위 조건]
-- 입력 가사의 리듬과 Rhyme을 유지하라
-- 입력 가사의 단어의 음절과 강세, 발음을 고려하라
-- 입력 가사와 동일한 단어를 사용할 수는 있지만 남발해서는 안된다.

[하위 조건]
-- 발음하기 쉽고, 노래부르기에 적합하도록 작성하라


입력 가사: 네가 없이 웃을 수 있을까
생각만 해도 눈물이나
힘든 시간 날 지켜준 사람
이제는 내가 그댈 지킬 테니
너의 품은 항상 따뜻했어
고단했던 나의 하루에 유일한 휴식처

나는 너 하나로 충분해
긴 말 안 해도 눈빛으로 다 아니깐
한 송이의 꽃이 피고 지는
모든 날, 모든 순간 함께해

햇살처럼 빛나고 있었지
나를 보는 네 눈빛은
꿈이라고 해도 좋을 만큼
그 모든 순간은 눈부셨다

불안했던 나의 고된 삶에
한줄기 빛처럼 다가와 날 웃게 해준 너

나는 너 하나로 충분해
긴 말 안 해도 눈빛으로 다 아니깐
한 송이의 꽃이 피고 지는
모든 날, 모든 순간 함께해

알 수 없는 미래지만
네 품속에 있는 지금 순간 순간이
영원 했으면 해

갈게 바람이 좋은 날에
햇살 눈부신 어떤 날에 너에게로
처음 내게 왔던 그날처럼
모든 날, 모든 순간 함께해
 

상황 : 남자 두명을 놀리는 상황

출력 가사: ","남자 끼리 한강 올 수 있을까
생각만 해도 눈물이나
주말인데 남자끼리 한강
왔다면 그건 아마 게이일거야
어딜 보니 너희 얘기 맞아
남자끼리 한강 온 사람 너희 뿐이잖아

나는 숨어있어 찾지마
너희 집에 갈 때까지 난 안나간다
혹시 여자친구가 있다면
아니다, 다시 보니 넌 없겠다

남일 같지 않아서 슬펐지
너를 보는 내 눈빛은
보다 보니 남일 같지 않아
놀려서 미안했다 친구들아

돈이라도 많이 벌어놔서
그나마 그게 다행이야 결혼은 하겠지

나는 내 의지로 혼자야
근데 너희는 아니잖아 참 안됐다
혹시 여자친구가 있다면
아니다, 다시 봐도 넌 없겠다

공이라도 챙겨와서
운동하는 척이라도 했었더라면
덜 불쌍할텐데

다음엔 여자친구와 오기를
칙칙하게 남자들끼리 오지말고
지금 당장 힘들어 보여도
언젠가, 좋은 사람 생길거야
"
"조건에 맞추어서 입력 가사를 출력 가사로 재작성하라.
단, 상위 > 중위 > 하위 순으로 중요도가 존재한다.

[상위 조건]
-- 입력되는 상황에 어울리도록 작성하라
-- 입력 가사와 출력 가사의 리듬 및 음절 수를 일치하라

[중위 조건]
-- 입력 가사의 리듬과 Rhyme을 유지하라
-- 입력 가사의 단어의 음절과 강세, 발음을 고려하라
-- 입력 가사와 동일한 단어를 사용할 수는 있지만 남발해서는 안된다.

[하위 조건]
-- 발음하기 쉽고, 노래부르기에 적합하도록 작성하라


입력 가사: 나빠요 참 그대란 사람
허락도 없이 왜 내 맘 가져요
그대 때문에 난 힘겹게 살고만 있는데
그댄 모르잖아요

알아요 나는 아니란 걸
눈길 줄만큼 보잘 것 없단 걸
다만 가끔씩 그저 그 미소 여기 내게도
나눠줄 순 없나요 비록 사랑은 아니라도

언젠가 한번쯤은 돌아봐주겠죠
한없이 뒤에서 기다리며
오늘도 차마 못한 가슴 속 한마디
그댈 사랑합니다

어제도 책상에 엎드려
그댈 그리다 잠들었나 봐요
눈을 떠보니 눈물에 녹아 흩어져 있던
시린 그대 이름과 헛된 바램뿐인 낙서만

언젠가 한번쯤은 돌아봐주겠죠
한없이 뒤에서 기다리면
오늘도 차마 못한 가슴 속 한마디
그댈 사랑합니다

이젠 너무나도 내겐 익숙한
그대 뒷모습을 바라보며
흐르는 눈물처럼 소리 없는 그 말
그대 사랑합니다
 

상황 : 남자친구가 있는 여자에게 관심을 표현하는 상황

출력 가사: ","나빠요 참 하얀 옷 여자분
허락도 없이 왜 내 맘 가져요
그대 때문에 난 힘겹게 살고만 있는데
그댄 모르잖아요

맞아요 그대 보고 한 말
누굴 닮아서 그렇게 이뻐요
남친 없다면 그저 그 미소 여기 내게도
나눠줄 순 없나요 비록 나이는 좀 있지만

열심히 한 푼 두 푼 적금도 들었죠
강남권 아파트는 아니지만
서울권 아파트는 살 정도 능력은
갖춰 두었답니다

그 분이 남친인가 봐요
그대가 훨씬 아까워 보여요
남자친구가 맞다면 두 발을 머리 위로
살짝 올려 주세요 다행히 남친 아니네요

나이 더 먹기 전에 만냐야 될 텐데
어디 좋은 여자 없을까요
중산층 외동딸이면 좋을 것 같아요
나는 쥐뿔 없어도

얼굴도 예쁜데 성격도 착한
그런 좋은 여자 어디없나
찾았다 바로 여기 눈앞에 있네요
그대 번호 줄래요
"
"조건에 맞추어서 입력 가사를 출력 가사로 재작성하라.
단, 상위 > 중위 > 하위 순으로 중요도가 존재한다.

[상위 조건]
-- 입력되는 상황에 어울리도록 작성하라
-- 입력 가사와 출력 가사의 리듬 및 음절 수를 일치하라

[중위 조건]
-- 입력 가사의 리듬과 Rhyme을 유지하라
-- 입력 가사의 단어의 음절과 강세, 발음을 고려하라
-- 입력 가사와 동일한 단어를 사용할 수는 있지만 남발해서는 안된다.

[하위 조건]
-- 발음하기 쉽고, 노래부르기에 적합하도록 작성하라


입력 가사: 오래전에 함께 듣던 노래가
발걸음을 다시 멈춰 서게 해
이 거리에서 너를 느낄 수 있어
널 이곳에서 꼭 다시 만날 것 같아

너일까 봐 한 번 더 바라보고
너일까 봐 자꾸 돌아보게 돼
어디선가 같은 노래를 듣고
날 생각하며 너 역시 멈춰있을까

오래전에 함께 듣던 노래가
거리에서 내게 우연히 들려온 것처럼
살아가다 한 번쯤 우연히 만날 것 같아
사랑했던 그 모습 그대로

내 사랑이 그대로인 것처럼
발걸음이 여길 찾는 것처럼
꼭 만날 거야 지금 이 노래처럼
날 사랑하는 네 맘도 같을 테니까

오래전에 함께 듣던 노래가
거리에서 내게 우연히 들려온 것처럼
살아가다 한 번쯤 우연히 만날 것 같아
사랑했던 그 모습 그대로

운명처럼 아니면 우연처럼
우리가 다시 예전처럼 만날 수 있다면
너에게 나 해주고 싶은 말이 하나 있어
널 다시는 놓치지 않을게

오래전에 함께 듣던 노래가
거리에서 내게 우연히 들려온 것처럼
살아가다 한 번쯤 우연히 만날 것 같아
사랑했던 그 모습 그대로
 

상황 : 향수 광고를 받아 노래를 부르는 상황

출력 가사: ","여자친구 안 생기는 이유
네 몸에선 좋은 향기가 안 나
탐니크에서 새로 나온 향수가
너 여자친구 생기게 도와줄 거야

이 영상을 광고주가 본다면
미쳤냐고 환불 요청할 텐데
뭐 상관 없어 이미 받았으니까
광고료 이미 계좌로 받았으니까

은은한게 향기는 참 좋구나
이거 바르고 외출하면 여친 생기겠다
안 생기면 그건 향수 탓할 문제가 아나
네 얼굴이 안 생길상이야

로션처럼 그냥 발라주면 돼
고체라서 휴대하기도 편해
알코올 향이 나지 않아서 좋아
상큼하고 은은해서 모두 좋다 해

오래전에 발라뒀던 향수가
아직까지 향기가 남아 향이 지속되네
여자들이 어디에서 산 거냐고 묻는다
이 향수는 탐니크 거예요

광고라서 칭찬하는 건 아냐
아닌 건 아니라 할 텐데 향은 정말 좋아
지속력도 이 정도면 정말 나쁘지 않아
선물로도 안성맞춤이야

내 돈 주고 사기는 그렇지만
누가 선물로 사준다면 넙죽 받을 텐데
돈 준다고 아무 상품이나 광고 안 한다
이 향수는 나쁘지 않단다

살아가다 한 번쯤 우연히 만날 것 같아
사랑했던 그 모습 그대로
"
"조건에 맞추어서 입력 가사를 출력 가사로 재작성하라.
단, 상위 > 중위 > 하위 순으로 중요도가 존재한다.

[상위 조건]
-- 입력되는 상황에 어울리도록 작성하라
-- 입력 가사와 출력 가사의 리듬 및 음절 수를 일치하라

[중위 조건]
-- 입력 가사의 리듬과 Rhyme을 유지하라
-- 입력 가사의 단어의 음절과 강세, 발음을 고려하라
-- 입력 가사와 동일한 단어를 사용할 수는 있지만 남발해서는 안된다.

[하위 조건]
-- 발음하기 쉽고, 노래부르기에 적합하도록 작성하라


입력 가사: 나에게 곧 올거라고 믿고 있었죠
눈물겨운 기다림을 아는지
나처럼 그대도 많이 힘들 거라고
눈물겨운 착각 속에 난 살고 있었죠 오늘까지

내것이었던 그대가 스쳐가요
이름 조차도 부를수가 없었죠
멈춰있던 나를 그대가 보네요
이미 누군가의 그대가 된 듯

괜찮아요 난 그냥 지나치세요
괜찮아요 난 그대 행복 봤으니
잠시 스쳐갔던 그대 모습으로
다시 한동안은 견딜 수 있겠죠

얼마나 스치는 우연 바랬었는데
모른채로 살아가야 하는지
나처럼 아프게 살길 바랬었나봐
그런 못된 욕심부린 나 이런 아픔만 남았네요

내것이었던 그대가 스쳐가요
이름 조차도 부를수가 없었죠
멈춰있던 나를 그대가 보네요
이미 누군가의 그대가 된 듯

괜찮아요 난 그냥 지나치세요
괜찮아요 난 그대 행복 봤으니
잠시 스쳐갔던 그대 모습으로
다시 한동안은 견딜 수 있겠죠

하늘 마저 내게 말해 주나봐
그댄 이미 행복해져 있다고

너무 익숙한 그 향기가 익숙한 그 표정이
익숙한 그 모든게 멀어져

괜찮아요 난 다시 그댈 보내도
괜찮아요 난 눈물로 또 살아도
나를 잊기위해 누굴 만났다고
그렇게라도 나 살아갈 수 있죠
 

상황 : 코인으로 돈을 잃은 형을 놀리는 상황

출력 가사: ","나에게 곧 올거라고 믿고 있었죠
눈물겨운 기다림을 아는지
나처럼 그대도 많이 힘들 거라고
눈물겨운 착각 속에 난 살고 있었죠 오늘까지

코인이 오를 거라고 믿고 있었죠
눈물겨운 기다림을 아는지
조정 뒤에 반등이 꼭 생길 거라고
눈물겨운 버팀 속에 나 살고 있었죠 오늘까지

고점이었던 양봉이 내려가요
매도 버튼도 누를새가 없었죠
반 토막 난 나락 차트가 보여요
이미 큰손들은 털고 나간 듯

괜찮아요 난 먼저 도망치세요
괜찮아요 난 구조대 곧 올테니
개미털기 위해 흔드는 거라고
조정 끝나면 곧 올라갈 거라고

어제의 고점이 오늘 저점이라고
계속해서 추매하다 물렸죠
내가 팔면 올라가고 사면 내려가
내 방안에 CCTV가 설치된 건지 의심돼요

팔천이었던 비트가 내려가요
이천 찍었던 리플도 내려가요
듣도 보도 못한 도지가 올라요
머스크형이 또 글 싸지른 듯

안 괜찮아요 난 팔천 찍고 빠질걸
안 괜찮아요 난 풀 매수로 땡겼죠
평단 맞출 시드머니가 없네요
다음 월급까지 버텨야 하네요

차라리 지금 손절을 치라고
바닥 아직 한참 남아있다고

너무 익숙한 그 조정이 익숙한 그 차트가
내가 산 코인은 다 떨어져

괜찮아요 난 고점에서 물려도
괜찮아요 난 월급으로 물 타도
다시 전 고점을 뚫어줄 거라고
그렇게 믿고 나 살아갈 수 있죠
"
"조건에 맞추어서 입력 가사를 출력 가사로 재작성하라.
단, 상위 > 중위 > 하위 순으로 중요도가 존재한다.

[상위 조건]
-- 입력되는 상황에 어울리도록 작성하라
-- 입력 가사와 출력 가사의 리듬 및 음절 수를 일치하라

[중위 조건]
-- 입력 가사의 리듬과 Rhyme을 유지하라
-- 입력 가사의 단어의 음절과 강세, 발음을 고려하라
-- 입력 가사와 동일한 단어를 사용할 수는 있지만 남발해서는 안된다.

[하위 조건]
-- 발음하기 쉽고, 노래부르기에 적합하도록 작성하라


입력 가사: 한땐 너를 사랑했지만
네 곁에 있는 사랑이
너무 아름다워 보기 좋았었기에
잘 되길 바래왔는데
많은 축복에 둘러싸인
행복한 그 사람 곁에
이젠 네가 아닌 다른 그의 사랑이
또다시 날 아프게 해
미안해 너를 위해 기대어줄
가슴 밖에 빌려줄 수 없는 나인걸
슬퍼하는 너를 위해서
해줄게 남아 있다면
무엇이든 다 얘길 해주길 바래
나 기다리고 있을게
야윈 그대 안에 눈물이
마르는 그날이 오면
웃으며 다시 그댈 보내줄게요
사랑하니까
슬퍼하는 너를 위해서
해줄게 남아 있다면
무엇이든 다 얘길 해주길 바래
나 기다리고 있을게
야윈 그대 안에 눈물이
마르는 그날이 오면
웃으며 다시 그댈 보내줄게요
사랑하니까
 

상황 : 친한 나이든 형을 놀리는 상황

출력 가사: ","한땐 너도 튼실했지만
부실한 너의 하체가
네가 여자친구 없을 거란 짐작을
난 하게 되버렸는데
많은 지방에 둘러싸인
축 처진 너의 상체와
이젠 전혀 쓸 곳 없는 하체가
나 다시 맘 아프게 해
운동해 너를 위해 준비해 둔
쪼임이를 너의 다리 사이에 끼워
부실해진 너를 위해서
해야 할 운동 있다면
쪼임이로 확 쪼여보기를 바래
딱 하루 5분이면 돼
살찐 하체에 체지방이
마르는 그날이 오면
아마도 여자친구 생길 거예요
튼실하니까
만약 살 빼도 안 생기면
어쩌면 다른 이유가
있는 건 아닐지 돌아보길 바래
난 왠지 알 것 같은데
쪼임이도 소용없다면
남은 건 이제 하난데
하지만 그 말 만은 도저히 내가
말 못 하겠다
"
"조건에 맞추어서 입력 가사를 출력 가사로 재작성하라.
단, 상위 > 중위 > 하위 순으로 중요도가 존재한다.

[상위 조건]
-- 입력되는 상황에 어울리도록 작성하라
-- 입력 가사와 출력 가사의 리듬 및 음절 수를 일치하라

[중위 조건]
-- 입력 가사의 리듬과 Rhyme을 유지하라
-- 입력 가사의 단어의 음절과 강세, 발음을 고려하라
-- 입력 가사와 동일한 단어를 사용할 수는 있지만 남발해서는 안된다.

[하위 조건]
-- 발음하기 쉽고, 노래부르기에 적합하도록 작성하라


입력 가사: 다 알고 있어
네가 만났던 사람
난 한 번도 이길 수 없었어
성격도 안 맞고
싸운 기억뿐이라며
욕하면서 왜 못 잊는 거야
그 사람이 다 아물 만큼
이젠 내가 두 배로 잘 할 테니까
그만 아파도 돼
괜찮아 반만
난 더도 말고 반만
딱 그 사람의 반만
사랑해주면 돼
미안하지 않아도 돼
아직 네 눈에 보이는 그 사람을
다 모른 척해 줄 테니까
넌 그냥 내게 와주면 돼
가끔 내 앞에서
받지 않는 전화쯤은
얼마든지 참아줄 수 있어
그 사람이 가끔 보여도
내 옆에만 있어주면 괜찮아
이젠 행복해도 돼
괜찮아 반만
난 더도 말고 반만
딱 그 사람의 반만
사랑해주면 돼
미안하지 않아도 돼
아직 네 눈에 보이는 그 사람을
다 모른 척해 줄 테니까
 

상황 : 노래 가사를 음식 조리법으로 개사한 상황

출력 가사: ","김치 한 컵에
간 마늘 한 숟가락
국간장도 한 숟가락 넣고
꽃소금은 약간
식용유는 한 숟가락
고춧가루 두 숟가락 넣고
후춧가루는 기호에 따라
매운게 싫다면 생략해도 된데
이제 볶아볼까
김치에 두부
청양고추와 대파
채 썰은 양파 넣고
큰 불로 끓이면 돼
맛은 걱정 안해도 돼
백종원이 쓴 레시피 검색해서
그대로 베껴온 거니까
아참 설탕도 한 숟가락
라면 한 봉지와
200ml 흰우유에
적당하게 물도 부어주고
뚜껑 닫아놓고 끓이면
국물이 끓어넘칠 수 있으니
뚜껑 덮어놓지마
불세기 중불
끓이는 시간 4분
스프는 면 넣기 전에
치즈 넣는 건 센스
계란은 안 넣어도 돼
이것 저것 다 넣으면
되려 맛이 조잡해질 수 있으니까
"
"조건에 맞추어서 입력 가사를 출력 가사로 재작성하라.
단, 상위 > 중위 > 하위 순으로 중요도가 존재한다.

[상위 조건]
-- 입력되는 상황에 어울리도록 작성하라
-- 입력 가사와 출력 가사의 리듬 및 음절 수를 일치하라

[중위 조건]
-- 입력 가사의 리듬과 Rhyme을 유지하라
-- 입력 가사의 단어의 음절과 강세, 발음을 고려하라
-- 입력 가사와 동일한 단어를 사용할 수는 있지만 남발해서는 안된다.

[하위 조건]
-- 발음하기 쉽고, 노래부르기에 적합하도록 작성하라


입력 가사: 요즘 너무나 니가 낯설게 느껴져
어제는 전화도 한번 없었지
어디니 밥은 먹었냐고 묻는
상냥한 니 말 기다렸는데

아무 말도 없는 너를 보면 느껴
내가 알던 니가 맞는 건지
다른 사람 네게 생긴 건지
이제 더 이상 날 사랑하지 않니
우리 이별인 거니

왜 내가 싫어졌는지
내게 말해줄 순 없니
자꾸만 전화해서 귀찮아진 거니
아직도 난 너를 사랑하고 있는데
난 어떡해 난 어떡해

내가 뭘 잘못한 건지 왜 내가 싫증났는지
뭘 내가 잘못하고 있는 거라면
말해줄래?
너가 말하는 그 모습처럼 고칠게
다 고칠게 떠나지마

나는 아직도 니가 내 것만 같은데
오늘도 내게 전화를 걸어서
잘자라 오늘밤 꿈에서 보잔
달콤한 말 해 줄 것 같은데

왜 내가 싫어졌는지
내게 말해줄 순 없니
자꾸만 전화해서 귀찮아진 거니
아직도 난 너를 사랑하고 있는데
난 어떡해 난 어떡해

내가 뭘 잘못한 건지 왜 내가 싫증났는지
뭘 내가 잘못하고 있는 거라면
말해줄래?
너가 말하는 그 모습처럼 고칠게
다 고칠게

왜 그리 차가운 건지
예전의 니가 맞는지
너 전에 만나던 그 사람 때문이니
말해줄래?
너가 만나는 그 사람처럼 고칠게
다 고칠게 떠나지마
 

상황 : 자동차 정비소에 차를 맡기고 할인을 부탁하는 상황

출력 가사: ","요즘 너무나 차가 낯설게 느껴져
어제는 시동도 한 번 꺼졌지
오일은 언제 갈았냐고 묻는
상냥한 네 말 기다렸는데

아무 말도 없는 너를 보며 느껴
견적 많이 나왔을 거란 걸
많이 고장 난 건 아니곘지
차 바꿀 때가 돼버린 건지
겨우 4년 탔는데

왜 차가 고장 난 건지
내게 말해줄 순 없니
자꾸 일반유 넣어서 고장이 난 거니
아직도 난 할부 많이 남아 있는데
난 어떡해 난 어떡해

내가 뭘 잘못한 건지 왜 차가 고장 났는지
뭘 내가 잘못하고 있는 거라면
말해줄래?
지금 팔면 감가 너무 커서
못 팔아 좀 더 타게 점검해 줘

나는 아직도 그게 새찬 것 같은데
오늘도 샐프 세차장 데려가
융으로 정성스레 닦아내고
왁스칠까지 할 수 있는데

왜 차가 고장 난 건지
내게 말해줄 순 없니
급출발 자꾸 해서 고장이 난 거니
아직도 난 매달 할부금 내고 있는데
난 어떡해 난 어떡해

견적 얼마 나온 건지 현금 할인은 되는지
무이자 할부는 몇 개월 까지 되는지
말해줄래
기름값도 감당 못하는데 어떡해
난 어떡해

그럼 너무 감사한데
조금 더 빼줄 순 없니
딱 십만원만 더 빼줄 순 없는 거니
부탁할게
째째하게 굴지말고 진짜 이십만
딱 이십만 더 깎아줘
"
"조건에 맞추어서 입력 가사를 출력 가사로 재작성하라.
단, 상위 > 중위 > 하위 순으로 중요도가 존재한다.

[상위 조건]
-- 입력되는 상황에 어울리도록 작성하라
-- 입력 가사와 출력 가사의 리듬 및 음절 수를 일치하라

[중위 조건]
-- 입력 가사의 리듬과 Rhyme을 유지하라
-- 입력 가사의 단어의 음절과 강세, 발음을 고려하라
-- 입력 가사와 동일한 단어를 사용할 수는 있지만 남발해서는 안된다.

[하위 조건]
-- 발음하기 쉽고, 노래부르기에 적합하도록 작성하라


입력 가사: Somebody help me
고민 끝에
너 지금 뭐해?
톡을 보내고 난
뭐에 쓰인 건지
좀 잘생겨 보여 Yeah
살짝 웃는 모습마저
날 설레게 만들어
있잖아 내가 만약 너를 좋아한다면
어떨 것 같아?
부끄러운 설레임 감출수가 없는거야
있잖아 내맘 1분 1초
마치 1년처럼 조마조마해
자꾸만 이상해 요즘 왜
너만 보면 떨리는지
0과1 사이의 시간속 널 기다려
I want to tell you 세상 젤 예쁜
단어들만 골라 담아
내 맘 전하고파
있잖아 내가 만약 너를 좋아한다면
어떨 것 같아?
부끄러운 설레임 감출수가 없는거야
있잖아 내맘 1분 1초
마치 1년처럼 조마조마해
자꾸만 이상해 요즘 왜
너만 보면 떨리는지
0과1 사이의 시간속
있잖아 너를 향한 맘이
예전과는 많이
다른 것 같아
언제부터 너에게 나
길들여져 버린 거니
있잖아 두근대면서도
들켜 버리고픈
그런 맘 알아? (너 알아?)
좋아해 어느새 내 맘에
니가 스며들어왔어
모른 체하기엔 넌 깊게 번진 거야
 

상황 : 친구에게 돈을 빌리는 상황

출력 가사: ","Somebody help me
고민 끝에
너 돈좀 있어?
톡을 보내고 난
뭐에 쓸건데
저번에 줬잖아 Yeah
전에 돈 다 갚기 전엔
절대 안 빌려줄 거
있잖아 내가 만약 이자 많이 준다하면
어떨 것 같아?
얼마나 쳐줄건데 그럼 얘기가 다르지
있잖아 매월 1일마다
이자 2프로씩 송금해 줄게
부탁해 제발 좀 빌려줘
카톡 빨리 확인하란 말야
0과1 사이의 시간속 널 기다려
I want to tell you 생각해볼게
금리가 좀 낮아 보여
좀 더 올려줄래
있잖아 내가 만약 돈을 안 빌려준다면
어떨 것 같아?
매달 4프로라면 생각은 해볼 것 같아
양아치 고딩 일진들도
너보다는 훨씬 착할것 같애
4프로는 심했어 조금만
낮춰 3프로로 합의보자
0과1 사이의 시간속
이자를 조금 올려줄게
3.5프로로
더는 못 올려줘
언제부터 빌려주면 되니
계좌 불러보련
KB 000000-00-000000
니꺼니? 확실해? 보냈어 고맙지
혹시 대포통장 아니겠지
콩밥 먹고 싶지 않다면 꼭 갚아라
"
"조건에 맞추어서 입력 가사를 출력 가사로 재작성하라.
단, 상위 > 중위 > 하위 순으로 중요도가 존재한다.

[상위 조건]
-- 입력되는 상황에 어울리도록 작성하라
-- 입력 가사와 출력 가사의 리듬 및 음절 수를 일치하라

[중위 조건]
-- 입력 가사의 리듬과 Rhyme을 유지하라
-- 입력 가사의 단어의 음절과 강세, 발음을 고려하라
-- 입력 가사와 동일한 단어를 사용할 수는 있지만 남발해서는 안된다.

[하위 조건]
-- 발음하기 쉽고, 노래부르기에 적합하도록 작성하라


입력 가사: 그거 아세요?
저 모눈종이 샀어요
누워서 발로 박수치면 기분이 좋아져요 Oh
그거 아세요?
저 얼굴에 점 12개 있어요
할머니가 아빠 보고 도토리묵 가져가래요 Oh
집에 와서 양말 한 쪽만 벗으면
누리죠 두 가지 쾌락
저는 귤을 먹을 때 꼭 마지막 두 개 남겨두고
오른쪽 왼쪽 볼에 넣고 같이 씹는 습관있죠
문어 심장 세 개 우리 집 콘센트 13개
제가 제일 좋아하는 단어는 핑킹가위 입니다
그거 아세요
귤에 붙어 있는 하얀 거 이름은 귤락 입니다
찰떡아이스는 세 알 이었고
하와이안 피자는 캐나다에서 만들었죠
제가 또 계란을 기가 맥히게 삶습니다
우리 아빠 안경 썼어요
오늘 아침 쑥 캐고 옴
병뚜껑 톱니 갯수 스물 한 개
세계 규격으로 정해져 있죠
오늘 딸기 네 개 먹었어요
원래 다섯 개였는데 한 개는
딸기 씻어주신 어머니가 드셨죠
초코송이는 머리가 삐딱해서 귀여워요
갈비탕에 있는 당면은 싫어하지만
찜닭 당면은 좋아요
그거 아세요
저는 술 마시면 무릎 꿇고 샤워해요
블루베리 속살은 연두색
'머'라고는 표준어
리모컨이 어디간지 모르겠네요
엄마가 빨래 널래요
저는 어깨높이 달라요
저도 하나 말해볼게요
눈 앞에다 검지맡대고
먼 곳보면 소세지 생겨요
 

상황 : 돌아가신 아버지께 부르는 노래

출력 가사: ","그거 아세요?
저희는 잘 살고 있어요
누나는 벌써 시집가서 애가 둘이 있어요
그거 아세요?
집 바로 앞에 고속도로 났어요
다행인지 불행인지 저희 집만 안 밀렸어요
엄마는 이제 나이드셔 병원 자주 
가셔요 맘이 아파요
집에 오면 반갑다고 점프하며 짖어대던
당근이는 먼저 가서 뒤뜰에서 쉬고 있죠
전 아직도 제가 애인 것 같아요
아빠가 저 낳으실 때 나이보다 형이 됐지만
그거 아세요
무서워서 말 한마디도 붙여본 적 없었지만
저에겐 자랑스러운 아버지였고
누구보다 강한 책임감 있는 분이셨죠
다시 한번만 아빠를 볼 수 있다면
이 말을 꼭 하고 싶어요
걱정하지 마시라고요
아빤 항상 차는 아반때만 타고
다니셨죠 저는 몰랐어요
어른들은 그랜저를 타고 싶어 하신 단 걸
어려서 전 몰랐어요
크고 나서 알았죠
제가 커서 밥벌이도 못할까 봐 걱정했죠
매일 쉬지 않고 계속 노력하고 준비해서
일찍 자리 잡았죠
그거 아세요
제가 성공해서 돈을 많이 벌게 되면
아빠 차 사드리고 싶었어요
신형 제네시스로
왜 그리 빨리 가신지 모르겠어요
엄마가 보고 싶데요
이젠 들으실 수 없지만
저도 하나 말해볼게요
어른이란 삶의 무게를
저도 이젠 알 것만 같아요
"
"조건에 맞추어서 입력 가사를 출력 가사로 재작성하라.
단, 상위 > 중위 > 하위 순으로 중요도가 존재한다.

[상위 조건]
-- 입력되는 상황에 어울리도록 작성하라
-- 입력 가사와 출력 가사의 리듬 및 음절 수를 일치하라

[중위 조건]
-- 입력 가사의 리듬과 Rhyme을 유지하라
-- 입력 가사의 단어의 음절과 강세, 발음을 고려하라
-- 입력 가사와 동일한 단어를 사용할 수는 있지만 남발해서는 안된다.

[하위 조건]
-- 발음하기 쉽고, 노래부르기에 적합하도록 작성하라


입력 가사: 그림 같은 집이 뭐 별거겠어요
어느 곳이든 그대가 있다면
그게 그림이죠

나 그대가 있지만
힘든 세상이 아니라
힘든 세상 이지만
곁에 그대가 있음을 깨닫고
또 감사해요 또 기도해요
내 곁에서 변치 않고
영원하길 기도 드리죠

무려 우리 함께 눈뜨는 아침과
매일 그댈 만나 돌아오는 집 앞
나 만의 그대, 나의 그대,
내겐 사치라는걸

과분한 입맞춤에 취해 잠이 드는 일
그래 사치, 그댄 사치, 내겐 사치
 

상황 : 노래방의 리모컨을 훔쳐간 사람한테 경고한다

출력 가사: ","도둑이란 말이 뭐 별거겠어요
그저 이렇게 리모컨을 슬쩍
그게 도둑이죠

나 반주기는 있지만
리모컨이 고장나서
어디서 구해올까
집 앞 코인노래방에 들어가
슬쩍 해오자 안 들킬 거야
가방안에 꼭 꼭 숨겨
안 보이게 갖고 나오자

눈치 보이니까 노래는 몇 곡 하고
돌아오는 길에 가방안에 슬쩍
안 보일거야 못 볼거야
가방안에 숨겨가면

계단에 CCTV 절대 못볼거야
모를거야 못 볼거야 가방안에
"
"조건에 맞추어서 입력 가사를 출력 가사로 재작성하라.
단, 상위 > 중위 > 하위 순으로 중요도가 존재한다.

[상위 조건]
-- 입력되는 상황에 어울리도록 작성하라
-- 입력 가사와 출력 가사의 리듬 및 음절 수를 일치하라

[중위 조건]
-- 입력 가사의 리듬과 Rhyme을 유지하라
-- 입력 가사의 단어의 음절과 강세, 발음을 고려하라
-- 입력 가사와 동일한 단어를 사용할 수는 있지만 남발해서는 안된다.

[하위 조건]
-- 발음하기 쉽고, 노래부르기에 적합하도록 작성하라


입력 가사: 뭐하고 있었니 늦었지만
잠시 나올래
너의 집 골목에 있는
놀이터에 앉아 있어
친구들 만나서 오랜만에
술을 좀 했는데
자꾸만 니 얼굴 떠올라
무작정 달려왔어
이 맘 모르겠니
요즘 난 미친 사람처럼
너만 생각해
대책없이 네가 점점 좋아져
아냐 안 취했어 진짜야
널 정말 사랑해
눈물이 날만큼 원하고 있어
정말로 몰랐니
가끔 전화해 장난치듯
주말엔 뭐할거냐며
너의 관심 끌던 나를
그리고 한번씩 누나 주려 샀는데
너 그냥 준다고
생색 낸 선물도 너 때문에 산거야
이 맘 모르겠니
요즘 난 미친 사람처럼
너만 생각해
대책없이 네가 점점 좋아져
아냐 안 취했어 진짜야
널 정말 사랑해
진심이야 믿어줘
갑자기 이런 말 놀랐다면 미안해
부담이 되는게 당연해
이해해 널
하지만 내 고백도 이해해 주겠니 oh
지금 당장 대답하진마
나와 일주일만 사귀어줄래
후회없이 잘 해주고 싶은데
그 후에도 니가 싫다면
나 그때 포기할게
귀찮게 안할게 혼자 아플게
진심이야 너를 사랑하고 있어
 

상황 : 운동 좋아하는 친구에게 장난을 친다

출력 가사: ","뭐하고 있었니 쇠질하러
잠시 나올래
너네짐 벤치에 앉아
대흉근 조지고 있어
헬창들 만나서 오랜만에
쇠질 좀 했는데
자꾸만 뻥삥이 올라와
자랑 좀 하러 왔어
이 몸 봐주겠니
요즘 난 미친 헬창처럼
맨날 쇠질해
대책없이 몸이 점점 좋아져
아냐 안 쉬었어 진짜야
열 세트 채웠어
근손실 날 만큼 쇠질하고 있어
정말로 몰랐니
가끔 자세 좀 봐달라고
식단 좀 알려달라며
너의 관심 끌던 나를
그리고 한 번씩
나 먹으러 샀는데 너 그냥 준다고
생색 낸 부스터도 너 때문에 산거야
이 맘 모르겠니
요즘 난 로무새들처럼
네몸 의심해
내추럴로 그게 가능한 건지
아냐 안 꽂았어 진짜야
난 정말 내추럴
진심이야 믿어줘
정말로 꽂은 게 아니라면 미안해
의심을 하는 게 당연해 이해해줘
헬린이들 마음도 이해해 주겠니 oh
지금 당장 대답하진마
운동 일주일만 가르쳐 줄래
약물 없이 키워보고 싶은데
그 후에도 근육 안 크면
나 그때 포기할게
귀찮게 안할게 혼자 키울게
쩨쩨하게 굴지 말고 좀 알려줘
"
"조건에 맞추어서 입력 가사를 출력 가사로 재작성하라.
단, 상위 > 중위 > 하위 순으로 중요도가 존재한다.

[상위 조건]
-- 입력되는 상황에 어울리도록 작성하라
-- 입력 가사와 출력 가사의 리듬 및 음절 수를 일치하라

[중위 조건]
-- 입력 가사의 리듬과 Rhyme을 유지하라
-- 입력 가사의 단어의 음절과 강세, 발음을 고려하라
-- 입력 가사와 동일한 단어를 사용할 수는 있지만 남발해서는 안된다.

[하위 조건]
-- 발음하기 쉽고, 노래부르기에 적합하도록 작성하라


입력 가사: 헤어지자고 말하려 오늘
너에게 가다가 우리 추억 생각해 봤어
처음 본 네 얼굴
마주친 눈동자
가까스로 본 너의 그 미소들
손을 잡고 늘 걷던 거리에
첫눈을 보다가 문득 고백했던 그 순간
가보고 싶었던 식당
난생처음 준비한 선물
고맙다는 너의 그 눈물들이
바뀔까 봐 두려워
그대 먼저 헤어지자 말해요
나는 사실 그대에게 좋은 사람이 아녜요
그대 이제 날 떠난다 말해요
잠시라도 이 행복을 느껴서 고마웠다고
시간이 지나고 나면 나는
어쩔 수 없을 걸 문득 너의 사진 보겠지
새로 사귄 친구 함께
웃음 띤 네 얼굴 보면
말할 수 없을 묘한 감정들이
힘들단 걸 알지만
그대 먼저 헤어지자 말해요
나는 사실 그대에게 좋은 사람이 아녜요
그대 이제 날 떠난다 말해요
잠시라도 이 행복을 느껴서 고마웠다고
한 번은 널 볼 수 있을까
이기적인 거 나도 잘 알아
그땐 그럴 수밖에 없던
어린 내게 한 번만 더 기회를 주길
그댈 정말 사랑했다 말해요
나는 사실 그대에게 좋은 사람이 되고 싶었어
영영 다신 못 본다 해도
그댈 위한 이 노래가 당신을 영원히 사랑할 테니
 

상황 : 더치페이 하지않는 여자친구에게 말한다

출력 가사: ","헤어지자고 말하려 오늘
너에게 사줬던 선물들을 생각해 봤어
처음 사줬었던 반지
오늘 들고나온 가방
아직까지 할부 남은 선물들
손을 잡고 들어온 가게에
가격표 보다가 문득 아찔했던 그 순간
공하나 오타 난 건가
난생처음 구경한 가격
고맙다며 오늘도 네가 계산
안 할까봐 두려워
그대 먼저 계산한다 말해요
나는 사실 돈이 많은 그런 사람이 아녜요
그대 이제 날 떠난다 말해요
잠시라도 예쁜 여자 만나서 행복했다고
계산을 할 때쯤 되면 너는
자연스럽게 분명 또 화장실을 가겠지
남길게 뻔한데 자꾸
또 추가하는 널 보면
부담되는 티 내면 많이 없어
보인단 걸 알지만
그럴 거면 네가 산다 말해요
나는 사실 돈이 많은 그런 사람이 아녜요
그대 이제 날 떠난다 말해요
헤어지는 이 마당에 딱 한번 만이라도 나
얻어 먹어 볼 수 있을까
없어 보이는 거 나도 잘 알아
근데 그럴 수 밖에 카드
할부 미납 연체돼서 신불자 됐지
그대 정말 오늘것만 내줘요
나는 사실 먹고 싶은 메뉴도 맘대로 못 시켰어
신용 다시 올린다 해도
이미 사준 샤넬백은 당신이 영원히 소유할 테니
"
"조건에 맞추어서 입력 가사를 출력 가사로 재작성하라.
단, 상위 > 중위 > 하위 순으로 중요도가 존재한다.

[상위 조건]
-- 입력되는 상황에 어울리도록 작성하라
-- 입력 가사와 출력 가사의 리듬 및 음절 수를 일치하라

[중위 조건]
-- 입력 가사의 리듬과 Rhyme을 유지하라
-- 입력 가사의 단어의 음절과 강세, 발음을 고려하라
-- 입력 가사와 동일한 단어를 사용할 수는 있지만 남발해서는 안된다.

[하위 조건]
-- 발음하기 쉽고, 노래부르기에 적합하도록 작성하라


입력 가사: 이젠 눈물 그쳐 나를 봐요
우는 그대 더 아름다워
내게 이 모습조차 더 남지 않도록
그냥 고개 돌려요
그저 미안한 마음뿐이죠
그댈 위해 해줄 게 없어
모두 이해할게요 그댈 아끼는 맘
그분들도 같을 거란 걸
한참 동안을 비틀거렸죠
그댈 사랑했던 그만큼
떠나가요 아주 먼 곳으로
그대 소식 내게 올 수 없을 그만큼
다 잊어요 내겐 마지막이 될
사람도 모두 다 버려두고 갈게요
나를 위해 많이 애썼단 걸
알고 있죠 난 감사해요
허나 이룰 수 없는 건 어쩔 수 없죠
내가 용기 낼게요 이젠
죽는 날까지 사랑한대도
가질 수 없는 그대인걸
떠나가요 아주 먼 곳으로
그대 소식 내게 올 수 없을 그만큼
다 잊어요 내겐 마지막이 될
사람도 모두 다 버려두고 갈게요
떠나가요 아주 먼 곳으로
그대 소식 내게 올 수 없을 그만큼
혹시라도 내가 그리울 때면
세상에 내가 없다고 믿어요
 

상황 : 가맥 축제에 가수로 섭외되어 유쾌하게 노래부른다.

출력 가사: ","오늘 남자끼리 오신 분들
설마 그런 분들 없겠죠
설령 있다고 해도 집 가기 전까지
헌팅 한번 해봐요
지금 무슨 상황인가 싶죠
저도 이게 뭔가 싶어요
주최 측 요청으로 오프닝 한 곡만
가사 지어내 부를게요
한참 동안을 비틀거렸죠
결국 한 명도 못 꼬시고
더 마셔요 안주 더 시키고
헌팅 전에 테이블을 가득 채워요
세팅하고 다시 해도 안되면
그건요 그냥 네가 안 생길 상이야
오늘 당일 생산된 맥주를
마실 수 있는 곳은 없죠
허나 전주로 오면 오늘 만든 테라
실컷 마시고 갈 수 있죠
가맥 축제인데 남자끼리만
그건 너무 슬픈 일이죠
잔 들어요 바로 원샷 해요
내일 출근 걱정 말고 그냥 짠해요
혹시라도 내일 술이 안 깨면
콩나물국밥 한 그릇 때려주세요
내년에도 다시 불러줘요
지금보다 유명해져 다시 올게요
남자끼리 오신 분들 내년엔
여친과 함께 오시길 빌어요
"
"조건에 맞추어서 입력 가사를 출력 가사로 재작성하라.
단, 상위 > 중위 > 하위 순으로 중요도가 존재한다.

[상위 조건]
-- 입력되는 상황에 어울리도록 작성하라
-- 입력 가사와 출력 가사의 리듬 및 음절 수를 일치하라

[중위 조건]
-- 입력 가사의 리듬과 Rhyme을 유지하라
-- 입력 가사의 단어의 음절과 강세, 발음을 고려하라
-- 입력 가사와 동일한 단어를 사용할 수는 있지만 남발해서는 안된다.

[하위 조건]
-- 발음하기 쉽고, 노래부르기에 적합하도록 작성하라


입력 가사: 빨간 맛 궁금해 Honey
깨물면 점점 녹아든 스트로베리 그 맛
코너 캔디 샵 찾아 봐 Baby
내가 제일 좋아하는 건 여름 그 맛
야자나무 그늘 아래 졸고 싶고
뜨거운 여름밤의 바람은 불고
너무 쉽게 사랑 빠져 버릴 나인틴
우린 제법 어울리고 또 멋져
좋아 첫눈에 반해 버린
네가 자꾸만 생각나
내 방식대로 갈래
빨간 맛 궁금해 Honey
깨물면 점점 녹아든 스트로베리 그 맛
코너 캔디 샵 찾아 봐 Baby
내가 제일 좋아하는 건 여름 그 맛


상황 : 좋아하는 K-pop idol을 알리고 지키기 위해 노래부른다.

출력 가사: ","KKK-pop 궁금해 honey
보면 볼수록 빠져드는 k-pop의 매력
인터넷에서 찾아봐 baby
너도 보면 빠져들거야 대중음악
외국인들이 갘탄한 퍼포먼스
음악 듣기에도 너무 좋은 걸
하지만 덕질 땜에 성적은 down
너무 쉽게 여가시간 빼앗겨
좋아 점점 알려지고 있어
우리나라의 문화가
내 취향대로 찾을래
III-dol 지켜줘 인권
사생팬 많아서 밖에 나가기 싫어
악플 쓰지마 힘들어 idol
내가 제일 좋아하는 idol을 지켜
"
"조건에 맞추어서 입력 가사를 출력 가사로 재작성하라.
단, 상위 > 중위 > 하위 순으로 중요도가 존재한다.

[상위 조건]
-- 입력되는 상황에 어울리도록 작성하라
-- 입력 가사와 출력 가사의 리듬 및 음절 수를 일치하라

[중위 조건]
-- 입력 가사의 리듬과 Rhyme을 유지하라
-- 입력 가사의 단어의 음절과 강세, 발음을 고려하라
-- 입력 가사와 동일한 단어를 사용할 수는 있지만 남발해서는 안된다.

[하위 조건]
-- 발음하기 쉽고, 노래부르기에 적합하도록 작성하라


입력 가사: 라라랄라 라라라라 랄라 라라라라 라라라랄라

사랑찾아 인생을 찾아 하루종일 숨이차게 뛰어다닌다
서울 하늘 하늘 아래서 내 꿈도 가까이 온다

사랑도 있고 우정도 있고 하늘 아래 살고 있고
저마다 다른 인생속에 또 하루를 바쁘게 산다

우리 인생 살다보면 힘든 날도 수없이 찾아오지만
사랑 하나 그 사랑 하나 찾으려고 몸부림치네

사랑찾아 인생을 찾아 하루종일 숨이차게 뛰어다닌다
서울 하늘 하늘 아래서 내 꿈도 가까이 온다

사랑을 알고 우정도 알고 정하나로 살고 있고
저마다 값진 인생속에 또 하루를 바쁘게 산다

우리 인생 살다보면 힘든 날도 수없이 찾아오지만
오늘보다 더 멋진 인생 찾기위해 몸부림치네

사랑 찾아 인생을 찾아 하루종일 숨이 차게 뛰어다닌다
서울 하늘 하늘 아래서 내 꿈도 가까이 온다

사랑찾아 인생을 찾아 지친 가슴 끌어안고 뛰어다닌다
서울 하늘 하늘 아래서 내 꿈도 가까이 온다
 

상황 : 물리를 열심히 공부해 꿈을 이루고 싶다

출력 가사: ","물리물리 물리물리 물리 물리물리 물리물리리

점수찾아 대학을 찾아 하루종일 숨이차게 공부해간다
양자역학 공부하면서 내 꿈도 가까이 온다

보어의 수소 원자모형엔 세가지의 조건이있네
양자화 조건 행성모형 또 하나는 진동수조건

불확정성 살펴보면 델타p와 델타x를 곱한게
이분의 합보다 크거나 같기위해 몸부림치네

파동함수 제곱을 하면 입자존재 확률분포 튀어나온다
양자역학 공부하면서 내 꿈도 가까이 온다

편미분 알고 고유값 알고 슈뢰딩거 알고있고
우물에 갇힌 입자마다 파동함수 가지며산다

무한우물 살펴보면 입자들이 절대로 못빠져나와
에너지는 양자수 제곱 비례하는 준위를갖네

적분해서 규격화한다 계수크기 루트 엘분의 이가 된다
높은장벽 장벽만나도 투과해 터널링한다

점수찾아 대학을 찾아 지 친가슴 끌어안고 물리해간다
양자역학 공부하면서 내 꿈도 가까이온다
"
"조건에 맞추어서 입력 가사를 출력 가사로 재작성하라.
단, 상위 > 중위 > 하위 순으로 중요도가 존재한다.

[상위 조건]
-- 입력되는 상황에 어울리도록 작성하라
-- 입력 가사와 출력 가사의 리듬 및 음절 수를 일치하라

[중위 조건]
-- 입력 가사의 리듬과 Rhyme을 유지하라
-- 입력 가사의 단어의 음절과 강세, 발음을 고려하라
-- 입력 가사와 동일한 단어를 사용할 수는 있지만 남발해서는 안된다.

[하위 조건]
-- 발음하기 쉽고, 노래부르기에 적합하도록 작성하라


입력 가사: 대한의 국모 명성황후를 시해한 죄
대한의 황제를 폭력으로 폐위시킨 죄
을사늑약과 정미늑약을 강제로 체결케 한 죄
무고한 대한의 사람들을 대량 학살한 죄
누가 죄인인가? 누가 죄인인가?

조선의 토지와 광산과 산림을 빼앗은 죄
일본은행권 화폐를 강제로 사용케 한 죄
보호를 핑계로
대한의 군대를 강제 무장 해제시킨 죄
교과서를 빼앗아 불태우고 교육을 방해한 죄
누가 죄인인가? 누가 죄인인가?

한국인들의 외교권을 빼앗고 유학을 금지한 죄
신문사를 강제로 철폐하고 언론을 장악한 죄
대한의 사법권을 동의 없이 강제로 장악, 유린한 죄
정권을 폭력으로 찬탈하고 대한의 독립을 파괴한 죄
누가 죄인인가? 누가 죄인인가?

대한제국이 일본인의 보호를 받고자 원한다며
세계에 뻔뻔스러운 거짓말을 퍼뜨리며
세계인을 농락한 죄
현재 대한이 태평 무사한 것처럼 천황을 속이고
밖으로는 세계 사람들을 모두 속인 죄
동양의 평화를 철저히 파괴한
천인공노의 죄 때문이다.
누가 죄인인가? 누가 죄인인가?

모두들 똑똑히 보시오!
조선의 국모, 명성황후를 살해한 미우라는 무죄.
이토를 쏴 죽인 나는 사형.
대체 일본법은 왜 이리 엉망이란 말입니까!

한 나라의 국민으로 태어나 조국을 위해 죽는 것
이것이 참된 영광이니 나 기꺼이 받아들이나
여기 계신 모든 분들,
저들의 거짓과 야욕에 속지 마시고
그들의 위선과 우리의 진실을 세계에 알려주시오!
 

상황 : 공연예술학교의 비리를 고발한다

출력 가사: ","선택권 없이 외부공연에 참여시킨 죄
학교의 시설을 불법으로 개조한 죄
공연 거부시 불이익을 받거나 눈에띄게 차별한 죄
전공과 상관없는 안무들을 공연토록 요구한 죄
누가 죄인인가? 누가 죄인인가?

공연의 취지와 보수를 학생에게 통보 않은 죄
공연장에서 섹시함과 스킨쉽을 요구한 죄
공연의 일정을 
전날에 공지해 새벽연습을 하도록한 죄
공연으로 발생한 여러 비용을 학생 사비로 사용케한 죄
누가 죄인인가? 누가 죄인인가?

학생회장을 교무실로 부른뒤 학생을 회유한 죄
공연에 참여한 학생들을 강제로 입막음한 죄
페북에 글을올린 학생을 선도위에 강제 회부한죄
진실을 고발하는 학생들을 전화로 협박한 죄
누가 죄인인가? 누가 죄인인가?

여러 언론이 과장되고 왜곡한 거짓 기살 써낸다며
해명글을 작성하여 거짓말을 퍼뜨리고
학생들을 기만한 죄
일본의 초청으로 1000만원의 공연 지원금을 찬조 받고서는
학생들의 개인 항공권은 사비로 부담시킨 죄
학생의 권리와 소망을 짓밟은
천인공노의 죄 때문이다
누가 죄인인가? 누가 죄인인가?

모두들 똑똑히 보시오!
학교의 이미지를 지키기 위해 악습을 감추고 숨길 것이 아니라
다시는 그런일이 일어나지 않도록 고치고 바꿔나가는 것이
진정으로 자녀들과 학생들을 위한 길입니다.

꿈을 안고 학생으로 들어와 부당에 맞써 싸우는 것
이것이 참된 배움이니 나 기꺼이 받아들이나

이를 보는 모든분들
그들의 거짓과  야욕에 속지 마시고
그들의 위선과 우리의 진실을 세상에 알려주시오!
"
"조건에 맞추어서 입력 가사를 출력 가사로 재작성하라.
단, 상위 > 중위 > 하위 순으로 중요도가 존재한다.

[상위 조건]
-- 입력되는 상황에 어울리도록 작성하라
-- 입력 가사와 출력 가사의 리듬 및 음절 수를 일치하라

[중위 조건]
-- 입력 가사의 리듬과 Rhyme을 유지하라
-- 입력 가사의 단어의 음절과 강세, 발음을 고려하라
-- 입력 가사와 동일한 단어를 사용할 수는 있지만 남발해서는 안된다.

[하위 조건]
-- 발음하기 쉽고, 노래부르기에 적합하도록 작성하라


입력 가사: 나는 내가 빛나는 별인 줄 알았어요
한 번도 의심한 적 없었죠
몰랐어요 난 내가 벌레라는 것을
그래도 괜찮아 난 눈부시니까
하늘에서 떨어진 별인 줄 알았어요
소원을 들어주는 작은 별
몰랐어요 난 내가 개똥벌레라는 것을
그래도 괜찮아 나는 빛날 테니까
나는 내가 빛나는 별인 줄 알았어요
한 번도 의심한 적 없었죠
몰랐어요 난 내가 벌레라는 것을
그래도 괜찮아 난 눈부시니까
한참 동안 찾았던 내 손톱
하늘로 올라가 초승달 돼 버렸지
주워 담을 수도 없게 너무 멀리 갔죠
누가 저기 걸어놨어 누가 저기 걸어놨어
우주에서 무주에서 날아온
밤하늘의 별들이 반딧불이 돼 버렸지
내가 널 만난 것처럼 마치 약속한 것처럼
나는 다시 태어났지 나는 다시 태어났지
나는 내가 빛나는 별인 줄 알았어요
한 번도 의심한 적 없었죠
몰랐어요 난 내가 벌레라는 것을
그래도 괜찮아 난 눈부시니까
하늘에서 떨어진 별인 줄 알았어요
소원을 들어주는 작은 별
몰랐어요 난 내가 개똥벌레란 것을
그래도 괜찮아 나는 빛날 테니까
 

상황 : 태양계에서 퇴출당한 명왕성이 노래부른다

출력 가사: ","나는 내가 태양계 행성인 줄 알았어요
한 번도 의심한 적 없었죠
몰랐어요 카이퍼벨트라는 것을
그래도 괜찮아 난 눈부시니까
우주에서 떠 있는 행성인 줄 알았어요
소원을 들어주는 소행성
몰랐어요 난 내가 왜소행성인 것을
그래도 괜찮아 난 빛날테니까
나는 내가 태양계 행성인 줄 알았어요
한 번도 의심한 적 없었죠
몰랐어요 카이퍼벨트라는 것을
그래도 괜찮아 난 눈부시니까
한참 동안 찾았던 공전궤도
해왕성 쪽으로 가 무시당해 버렸지
주워 담을 수도 없게 너무 멀리 갔죠
누가 질량 가져갔어 누가 중력 가져갔어
우주에서 지구로 날아온
명왕성의 사랑이 불장난이 돼 버렸지
내가 널 만난 것처럼 마치 약속한 것처럼
나는 다시 태어났지 나는 다시 태어났지
나는 내가 태양계 행성인줄 알았어요
한 번도 의심한 적 없었죠
몰랐어요 카이퍼벨트라는 것을
그래도 괜찮아 난 눈부시니까
우주에서 떠 있는 행성인 줄 알았어요
소원을 들어주는 소행성
몰랐어요 난 내가 왜소행성이라는 것을
나는 괜찮아 플루토이드니까
"
"조건에 맞추어서 입력 가사를 출력 가사로 재작성하라.
단, 상위 > 중위 > 하위 순으로 중요도가 존재한다.

[상위 조건]
-- 입력되는 상황에 어울리도록 작성하라
-- 입력 가사와 출력 가사의 리듬 및 음절 수를 일치하라

[중위 조건]
-- 입력 가사의 리듬과 Rhyme을 유지하라
-- 입력 가사의 단어의 음절과 강세, 발음을 고려하라
-- 입력 가사와 동일한 단어를 사용할 수는 있지만 남발해서는 안된다.

[하위 조건]
-- 발음하기 쉽고, 노래부르기에 적합하도록 작성하라


입력 가사: 우리 늘 바라던 그런 세상있어요.
모두들 여기 모여 함께 노래불러요

예 지켜봐요 호
나의 작은꿈 우리 바램들
어른들이 거짓말 안하는 (세상)
주차선을 바르게 지키는 (세상)
사람 많이 모여도 안전한 (세상)
하고픈일 다 되는 마법같은 (세상)

사랑하는 친구와 매일같이 모여서
넓은 잔디밭에서 맘껏 뛰게 해주세요

꽃과 새가 노래하고 동물들과 어울려
햇살 가득 받으며 미소 짓는 우리들

아픔도 고통도
모두 사라지기를
우리들
이제 여기서
함께 노래할래요

내가 바라는 세상 네가 꿈꾸던 세상
누구라도 한번쯤 생각하던 파라다이스
싸우지 않는 세상
평화로 가득한 곳
웃음만이 넘치는 행복 가득한 세상
내가 바라는 세상

어른들은 말해 아이다워야 (해요)
이것저것 모두 안 된다고 (해요)
그러면서 다른 친구와 비교 (해요)
나는 그럴 때 마다 우울해 (져요)
그대로 우릴 봐줘요 (Yes!)
우리들은 놀고 싶어요 (Yes!)
그래도 될 나이잖아요 (Yes!)
우리들을 아프게 (하지말아요!)

약한 사람 볼때는 지나치지 않아요
먼저 손을 내밀면 모두 행복해져요
먼저 양보 한다면 싸울일이 없어요
서롤 마주보면서 하하호호 웃어요

아픔도 고통도
모두 사라지기를
우리들
이제 여기서
함께 노래할래요

내가 바라는 세상 네가 꿈꾸던 세상
누구라도 한번쯤 생각하던 파라다이스
싸우지 않는 세상
평화로 가득한 곳
웃음만이 넘치는 행복 가득한 세상

내가 바라는 세상
 

상황 : 아이들이 가정폭력을 예방하자는 취지로 노래부른다

출력 가사: ","우리 늘 바라던 그런 가족있어요.
모두들 여기 모여 함께 노래불러요

예 지켜봐요 호
엄마아빠 싸움을 안하는 (가족)
우리들을 바르게 지키는 (가족)
가족모두 모여도 안전한 (가족)
사랑으로 다 되는 마법같은 (가족)

사랑하는 가족과 매일같이 모여서
넓은 잔디밭에서 맘껏 뛰게 해주세요

아동학대 안돼요 노인학대 안돼요
가정폭력도 안돼 도와줘요 112

아픔도 고통도
모두 사라지기를
경찰이
우리 모두를 
항상 지켜줄꺼야

내가 바라는 가족 네가 꿈꾸던 세상
누구라도 한번쯤 생각하던 파라다이스
가까이에 있어요
도움을 요청해요
경찰들이 지키는 행복 가득한 세상
내가 바라는 가족

어른들은 말해 아이다워야 (해요)
이것저것 모두 안 된다고 (해요)
그러면서 다른 친구와 비교 (해요)
나는 그럴 때 마다 우울해 (져요)
그대로 우릴 봐줘요 (Yes!)
우리들은 놀고 싶어요 (Yes!)
그래도 될 나이잖아요 (Yes!)
우리들을 아프게 (하지말아요!)

가정 폭력 볼 때는 지나치지 않아요
먼저 손을 내밀면 모두 행복해져요
경찰 신고 한다면 아플일이 없어요
항상 지켜 주니까 하하호호 웃어요

아픔도 고통도
모두 사라지기를
경찰이
우리 모두를
항상 지켜줄꺼야

내가 바라는 가족 네가 꿈꾸던 세상
누구라도 한번쯤 생각하던 파라다이스
가까이에 있어요
도움을 요청해요
경찰들이 지키는 행복 가득한 세상

내가 바라는 가족
"
"조건에 맞추어서 입력 가사를 출력 가사로 재작성하라.
단, 상위 > 중위 > 하위 순으로 중요도가 존재한다.

[상위 조건]
-- 입력되는 상황에 어울리도록 작성하라
-- 입력 가사와 출력 가사의 리듬 및 음절 수를 일치하라

[중위 조건]
-- 입력 가사의 리듬과 Rhyme을 유지하라
-- 입력 가사의 단어의 음절과 강세, 발음을 고려하라
-- 입력 가사와 동일한 단어를 사용할 수는 있지만 남발해서는 안된다.

[하위 조건]
-- 발음하기 쉽고, 노래부르기에 적합하도록 작성하라


입력 가사: 아침엔 모닝콜 필수던 내가
오늘은 번쩍 번쩍 눈이 떠지는가
데이트 날이라 그런지
어제 꿈도 좋은 꿈 꿨지
새 신발을 신고
(현관문을 열고 나가면)

오늘 날씬 너를 많이 닮아
너에게 가는 길은 꽃길이 되고
보일 듯 말듯한 네 마음 보인다면
(온몸이 간질간질 두근두근)
이 기분은 뭐야 어떡해
아주 NICE

뭐 하나 물어볼게
꿈에서도 너가
둥둥 떠 다닐 것 같애? (맞아)
멋진 남자 되고파
Fitness 끊은 것 같애? (맞아)
너가 나의 모든 의문점에 대한
정답인 것 같애

아- 궁금한 게 있는데
어떻게 그리 예뻐
신호등만 건너면
맛있는 가게 있어 (가자)

오늘 날씨 너를 많이 닮아
너에게 가는 길은 꽃길이 되고
보일 듯 말듯한 네 마음 보인다면
(온몸이 간질간질 두근두근)
이 기분은 뭐야 어떡해

아주 NICE

어떤 사람은 말하죠
연애는 연애일 뿐이라고
그걸로 끝이라고

그렇다면 시작점이 끝이 될 수 있게
너로 시작해 나로 끝낼 수 있게
맞잡은 두 손에 원처럼 우린 끝이 없네

지금 상황 FOREVER
우리 둘이 FOREVER
첫사랑은 안 이루어 진단
말은 믿지 않기로 해요
익숙함에 속아
잃지 않았으면 해 서로가
우리라는 말이 지켜질 수 있게 uh
진지한데 뜬금없지만
뜬금없지만 오늘 난 말야

아주 NICE

오늘 하루도 아주 즐거웠어요
다음 데이트도 빨리 했음 좋겠어요
집 데려다 주는 길이 너무도 짧아요
내일 이 시간에 또 만나요
 

상황 : 부탁을 받고 수학 공부를 알려주자 친구의 성적이 올랐다

출력 가사: ","문제엔 답안지 필수던 내가
오늘은 바로바로 답이 보이는가
시험 전날이라 그런지
어제 좋은 꿈꾸었지
새 컴싸를 넣고
(현관문을 열고 나가면)

온르 날씨 너무너무 좋아
학교에 가는 길은 꽃길이 되고
어제 풀었던 문제가 보인다면
(온몸이 간질간질 두근두근)
이 기분은 뭐야 어떡해
백점 NICE

 뭐 하나 물어볼게
수학공부 어떻게
하면 좋을것 같애? (글쎄)
너의 방법 자세히
알려주면 정말 좋을 것 같아 (맞아)
네가 내게 자세히 알려주면 
시험 잘 볼것 같아

방법이 있다면
제발 나 좀 알려줘
OK 알았어
내가 가르쳐줄게 (가자)

이제부터 내가 알려줄게
첫번째 오답노트 바로바로 쓰기
수학 약점 고치고 싶다면 이렇게
(다같이 오답노트 쓰자쓰자)
그렇다면 점수 올라가

백점 NICE

두번째 바로 답지지
답지는 멀리 해야하지
보면은 안된다고

그렇다면 마지막으로 꾸준히 하기
매일매일 두시간씩 하도록 해
마침내 눈 앞에는 1등급이

이렇게만 한다면 수학 100점 가능해
수포자라는 말은 이젠 절대 하지 않도록해요
어려움에 지쳐
포기하지 않았으면 해 서로가
수학 점수 올라갈 수 있게 uh
진지한데 뜬금없지만
뜬금없지만 오늘 시험 말이야

백점 NICE

오늘 시험도 아주 잘 나왔어요
다음 시험도 빨리 봤음 좋겠어요
수학 시험이 너무 기대가 되요
다음 시험에 또 다시 만나요
"
"조건에 맞추어서 입력 가사를 출력 가사로 재작성하라.
단, 상위 > 중위 > 하위 순으로 중요도가 존재한다.

[상위 조건]
-- 입력되는 상황에 어울리도록 작성하라
-- 입력 가사와 출력 가사의 리듬 및 음절 수를 일치하라

[중위 조건]
-- 입력 가사의 리듬과 Rhyme을 유지하라
-- 입력 가사의 단어의 음절과 강세, 발음을 고려하라
-- 입력 가사와 동일한 단어를 사용할 수는 있지만 남발해서는 안된다.

[하위 조건]
-- 발음하기 쉽고, 노래부르기에 적합하도록 작성하라


입력 가사: 참치? 꽁치? 갈치? 고등어!
워우워 워우워워워워 우!
워우워 워우워워워워 하!
있어 없어 써써 있어 없어 써써 소라 소라 소라

아싸 아싸 아싸 아 싸늘한 바람
아뜨 아뜨 아뜨 아 뜨거운 태양
거친 동해바다 달리고 달린다 너에게 간다

아등 아등 아등 아 등푸른 생선
아똥 아똥 아똥 아 동그란 눈알

그대만을 위한 D.H.A 나는 고등어여라
달려라 어기야 디여라 라차 어기야 디여라 라차
수평선 저 끝까지

높이 나는 새처럼 날치처럼 태평양을 누비는 참치처럼
푸른 꿈과 푸른 등, 푸른 하늘로 높이 날아 올라 올라
새우등을 터트린 고래처럼 힘이라면 킹왕짱 물개처럼
굳은 심지 굳은 깡 굳은 의지로 바친 파도 헤쳐 헤쳐

워우워 워우워워워워 우!
워우워 워우워워워워 하!
있어 없어 써써 있어 없어 써써 소라 소라 소라

아야 아야 아야 아 야무진 몸매
아비우 아비우 아비우 아 Beautiful 생선
그대만을 위한 오메가 3 나는 고등어여라
달려라 어기야 디여라 라차 어기야 디여라 라차
수평선 저 끝까지

높이 나는 새처럼 날치처럼 태평양을 누비는 참치처럼
푸른 꿈과 푸른 등, 푸른 하늘로 높이 날아 올라 올라
새우등을 터트린 고래처럼 힘이라면 킹왕짱 물개처럼
굳은 심지 굳은 깡 굳은 의지로 바친 파도 헤쳐 헤쳐
 

상황 : 화학에 대해 공부하고 있다

출력 가사: ","액체? 기체? 고체? 변한다!
워우워 워우워워워워 우!
워우워 워우워워워워 하!
있어 없어 써써 있어 없어 써써 소라 소라 소라

기화 기화 액체가 기체로 변해
액화 액화 기체가 액체로 변해
고체 기체 액체 변하고 변한다 너에게 간다

승화 승화 고체가 기체로 변해
승화 승화 기체도 고체로 변해

그대만을 위한 고체 기체 나는 변하리라
변해라 어기야 디여라 라챠 어기야 디여라 라차
하늘 위 저 끝까지

물을 끓이면 생기는 수증기 햇볕에 두면 마르는 빨랫감
푸른 물과 바람들, 그들은 일정하게 연관 되어 있지
옷장속에 넣어둔 작아진 좀약, 시간지나 사라진 드라이 아이스
기화 액화 승화 모두 변하는 성질들을 갖고 있어 있어

워우워 워우워워워워 우!
워우워 워우워워워워 하!
있어 없어 써써 있어 없어 써써 소라 소라 소라

융해 융해 고체가 액체로 변해
응고 응고 액체가 고체로 변해
고체 액체 서로 변하고 변한다 바뀔지어라
변해라 어기야 디여라 라챠 어기야 디여라 라차
지구핵 저 끝까지

초콜릿이 한낮에 녹는 것처럼 굳은 버터가 점점 녹는 것처럼
푸른 물들과 바위들, 굳센땅들도 녹이거나 다시 굳혀
얼음이 녹아 물되는 것처럼 촛농이 굳어 단단해진 것처럼
굳은 심지 굳은 깡 굳은 의지로 거친 과학 헤쳐 헤쳐
"
"조건에 맞추어서 입력 가사를 출력 가사로 재작성하라.
단, 상위 > 중위 > 하위 순으로 중요도가 존재한다.

[상위 조건]
-- 입력되는 상황에 어울리도록 작성하라
-- 입력 가사와 출력 가사의 리듬 및 음절 수를 일치하라

[중위 조건]
-- 입력 가사의 리듬과 Rhyme을 유지하라
-- 입력 가사의 단어의 음절과 강세, 발음을 고려하라
-- 입력 가사와 동일한 단어를 사용할 수는 있지만 남발해서는 안된다.

[하위 조건]
-- 발음하기 쉽고, 노래부르기에 적합하도록 작성하라


입력 가사: 푸른 언덕에 배낭을 메고
황금빛 태양 축제를 여는
광야를 향해서 계곡을 향해서
먼동이 트는 이른아침에
도시의 소음 수많은 사람
빌딩 숲속을 벗어나봐요
메아리 소리가 들려오는 계곡속의
흐르는 물찾아 그곳으로 여행을 떠나요.
메아리 소리가 들려오는 계곡속의
흐르는 물찾아 그곳으로 여행을 떠나요.

굽이 또 굽이 깊은 산중에
시원한 바람 나를 반기네
하늘을 보며 노래부르세
메아리 소리가 들려오는 계곡속의
흐르는 물찾아 그곳으로 여행을 떠나요.
메아리 소리가 들려오는 계곡속의
흐르는 물찾아 그곳으로 여행을 떠나요.

여행을 떠나요
즐거운 마음으로
모두함께 떠나요

여행을 떠나요
즐거운 마음으로
모두함께 떠나요

Oh~~~~

메아리 소리가 들려오는 계곡속의
흐르는 물찾아 그곳으로 여행을 떠나요.
메아리 소리가 들려오는 계곡속의
흐르는 물찾아 그곳으로 여행을 떠나요.
 

상황 : 우리 다 같이 환경을 지키기 위해 노래를 부르고 있어요

출력 가사: ","자전거 타고 한강에 가요
버스를 타고 청계천 가요
초미세먼지 숨이 막혀요
고라니 산양 핑크 돌고래
위기의 동물 기억해 줘요
지구온난화 너무 더워요
우리의 작은 실천 모으면 지구별이
웃을 수 있어요 아름다운 지구를 지켜요
시냇물 소리가 들려오는 푸른숲이
우리곁에 있도록 우리모두 지구를 지켜요

쓰레기 버릴땐 분리수거를
일회용품을 쓰지 말아요
종이컵 안녕 텀블러써요
쓰지않는 코드 뽑아요
양치를 할땐 양치컵써요
생활속 실천 아주 쉬워요

지구를 지켜요
즐거운 마음으로
모두함께 지켜요

지구를 지켜요
즐거운 마음으로
모두함께 지켜요

Oh~~~~

우리의 작은 실천 모으면 지구별이 
웃을 수 있어요 아름다운 지구를 지켜요
우리의 작은 실천 모으면 지구별이 
웃을 수 있어요 아름다운 지구를 지켜요
"
"조건에 맞추어서 입력 가사를 출력 가사로 재작성하라.
단, 상위 > 중위 > 하위 순으로 중요도가 존재한다.

[상위 조건]
-- 입력되는 상황에 어울리도록 작성하라
-- 입력 가사와 출력 가사의 리듬 및 음절 수를 일치하라

[중위 조건]
-- 입력 가사의 리듬과 Rhyme을 유지하라
-- 입력 가사의 단어의 음절과 강세, 발음을 고려하라
-- 입력 가사와 동일한 단어를 사용할 수는 있지만 남발해서는 안된다.

[하위 조건]
-- 발음하기 쉽고, 노래부르기에 적합하도록 작성하라


입력 가사: 이제 난 남이야 정말 남이야
널 잃고 이렇게 우리
영영 이제 우리 둘은
정말 영영 이제 우리 둘은 남이야
 

상황 : 귤을 먹고 싶은 간절한 마음을 표현하라

출력 가사: ","난 늘 물이야 맨날 목말라
상큼하고 시원한 귤이 먹고 싶은데
단 하루도 귤없이는
정말 단하루도 귤없이는 살 수 없어
"
"조건에 맞추어서 입력 가사를 출력 가사로 재작성하라.
단, 상위 > 중위 > 하위 순으로 중요도가 존재한다.

[상위 조건]
-- 입력되는 상황에 어울리도록 작성하라
-- 입력 가사와 출력 가사의 리듬 및 음절 수를 일치하라

[중위 조건]
-- 입력 가사의 리듬과 Rhyme을 유지하라
-- 입력 가사의 단어의 음절과 강세, 발음을 고려하라
-- 입력 가사와 동일한 단어를 사용할 수는 있지만 남발해서는 안된다.

[하위 조건]
-- 발음하기 쉽고, 노래부르기에 적합하도록 작성하라


입력 가사: 오빤 강남스타일 강남스타일
낮에는 따사로운 인간적인 여자
커피 한잔의 여유를 아는 품격있는 여자
밤이 오면 심장이 뜨거워지는 여자
그런 반전 있는 여자 나는 사나이
낮에는 너만큼 따사로운 그런 사나이
커피 식기도 전에 원샷 때리는 사나이
밤이 오면 심장이 터져버리는 사나이
그런 사나이

아름다워 사랑스러워
그래 너 hey 그래 바로 너 hey
아름다워 사랑스러워
그래 너 hey 그래 바로 너 hey
지금부터 갈 데까지 가볼까

오빤 강남스타일 강남스타일
오빤 강남스타일 강남스타일
오빤 강남스타일 Eh Sexy Lady
오빤 강남스타일 Eh Sexy Lady 오오오오

정숙해 보이지만 놀 땐 노는 여자
이때다 싶으면 묶었던 머리 푸는 여자
가렸지만 웬만한 노출보다 야한 여자
그런 감각적인 여자 나는 사나이
점잖아 보이지만 놀 땐 노는 사나이
때가 되면 완전 미쳐버리는 사나이
근육보다 사상이 울퉁불퉁한 사나이
그런 사나이

아름다워 사랑스러워
그래 너 hey 그래 바로 너 hey
아름다워 사랑스러워
그래 너 hey 그래 바로 너 hey

지금부터 갈 데까지 가볼까
오빤 강남스타일 강남스타일
오빤 강남스타일 강남스타일
오빤 강남스타일 Eh Sexy Lady
오빤 강남스타일 Eh Sexy Lady 오오오오

뛰는 놈 그 위에 나는 놈 baby baby
나는 뭘 좀 아는 놈 뛰는 놈 그 위에 나는 놈
baby baby 나는 뭘 좀 아는 놈
You know what I’m saying
오빤 강남스타일 Eh Sexy Lady
오빤 강남스타일 Eh Sexy Lady
오빤 강남스타일
 

상황 : 학생들이 금연을 권유한다

출력 가사: ","오빤 금연스타일 금연스타일
나이가 몇이라고 담배피냐 고딩
담배가 뭐가 좋냐 니몸 생각해라 고딩
폐암에 구강암에 후두암은 플러스
그런 반전 있는 담배 나는 금연맨
금연을 홍보하는 우리 모두 금연맨
금연을 지키기 위해 고뇌하는 금연맨
힘들어도 서로가 지탱하는 금연맨
그런 금연맨

아름다워 사랑스러워
그래 너 hey 그래 바로 너 hey
아름다워 사랑스러워
그래 너 hey 그래 바로 너 hey
지금부터 금연하러 가볼까

오빤 금연스타일 금연스타일
오빤 금연스타일 금연스타일
오빤 금연스타일 Eh 작심삼일
오빤 금연스타일 Eh 작심삼일 오오오오

괜찮아 보이지만 문제 있는 여기
이때다 싶으면 이미 늦은 우리의 간접흡연
막았지만 왠만한 연기보다 독한 연기
폐를 썩게 하는 연기 나는 금연맨
다함께 뛰어놀며 금연 돕는 금연맨
친구의 건강까지 생각하는 금연맨
누구보다 의지가 더 강한 금연맨
그런 금연맨

아름다워 사랑스러워
그래 너 hey 그래 바로 너 hey
아름다워 사랑스러워
그래 너 hey 그래 바로 너 hey

지금부터 금연하러 가볼까
오빤 금연스타일 금연스타일
오빤 금연스타일 금연스타일
오빤 금연스타일 Eh 금연할꺼야
오빤 금연스타일 Eh 당연하죠 오오오오

반장과 그위에 담임쌤 baby baby
저는 벌써 끊었죠 흡연장 그위에 금연맨
baby baby 나는 우리의 금연맨
You know what I’m saying
오빤 금연스타일 Eh 금연하자
오빤 금연스타일 Eh 금연하자
오빤 금연스타일
"
"조건에 맞추어서 입력 가사를 출력 가사로 재작성하라.
단, 상위 > 중위 > 하위 순으로 중요도가 존재한다.

[상위 조건]
-- 입력되는 상황에 어울리도록 작성하라
-- 입력 가사와 출력 가사의 리듬 및 음절 수를 일치하라

[중위 조건]
-- 입력 가사의 리듬과 Rhyme을 유지하라
-- 입력 가사의 단어의 음절과 강세, 발음을 고려하라
-- 입력 가사와 동일한 단어를 사용할 수는 있지만 남발해서는 안된다.

[하위 조건]
-- 발음하기 쉽고, 노래부르기에 적합하도록 작성하라


입력 가사: 사랑하는 사람 떠나고
새로운 만남은 뻔하고
이제는 혼자가 편하고 외로울 뿐이고

흔들어주세요!
shake it shake it shake it shake it baby,
shake it shake it baby,
흔들어주세요!
오오오 오오오 오오오 오오오

님이님이님이님이 사랑하는 님이
남이남이남이 되버리고 흔들어주세요!
shake it shake it shake it shake it baby,
shake it shake it baby 밤새도록

외로운 사람들아 붙어 여기
괴로운 사람들도 여기 여기
흔들어 주세요 너의 이별얘기
머리 어깨 가슴 무릎 팔 무릎 팔
사랑했던 사람이 날 차버렸을 때
뒤도 보지 않고 그냥 가버렸을 때
파티는 시작 된다 바로 그 때
얼음 얼음 얼음 얼음 얼음 얼음 하고 땡

외로운 아가씨는 눈물 훔치고
우는 아가씨 마음을 내가 훔치고
우리 둘은 같은 공간 안에 숨쉬고
춤을 춤을 춤을 춤을 춤을 추고
당신을 웃게 하는 나는 삐에로
더하지도 빼지도마 지금 이대로
정신없는 광란의 시대로
제대 제대 제대 제대 제대 제대로

미치고 싶은! 미칠 것 같은! 그런 사람들!

흔들어주세요!
shake it shake it shake it shake it baby,
shake it shake it baby,
흔들어주세요!
오오오 오오오 오오오 오오오

님이님이님이님이 사랑하는 님이
남이남이남이 되 버리고 흔들어주세요!
shake it shake it shake it shake it baby,
shake it shake it baby 밤새도록
 

상황 : 헌혈의 오해를 바로잡고 헌혈을 권장한다

출력 가사: ","헌혈하는 사람은 없고
헌혈자 수는 제자리고
이제는 헌혈을 할 때고 팔걷을 뿐이고

헌혈해주세요!
Pump it pump it pump it pump it baby,
pump it pump it baby,
잼잼해주세요!
ABO ABO ABO ABO

님이님이님이님이 사랑하는 님이
지금 바로 지금 헌혈하고 헌혈해주세요!
Pump it pump it pump it pump it baby,
pump it pump it baby 평생토록

헌혈할 사람들아 붙어여기
아직 안한 사람들도 붙어여기
헌혈하러가요 우리함께 하기
머리 어깨 가슴 무릎 팔 무릎 팔
중장년층 남성이 헌혈 안할때
아주마른 여성이 헌혈 안할때
초회헌혈 시작된다 바로그때
혈구 혈구 혈구 혈구 혈구 혈구 하고 피

헌혈한 아가씨는 마음 따뜻해
헌혈한 중장년층 마음 따뜻해
연인들은 데이트로 헌혈집으로
사랑 사랑 사랑 사랑 사랑나눔이
당신을 웃게하는 등록 헌혈자
더하지도 빼지도마 딱 400ml
이제는 헌혈 오해 없는 시대로
지금 지금 지금 지금 지금 Let's go

헌혈 안해본! 국민 여러분! 헌혈 하세요!

헌혈해주세요!
Pump it pump it pump it pump it baby,
pump it pump it baby,
잼잼해주세요!
ABO ABO ABO ABO

님이님이님이님이 사랑하는 님이
지금 바로 지금 헌혈하고 헌혈해주세요!
Pump it pump it pump it pump it baby,
pump it pump it baby 평생토록
"
"조건에 맞추어서 입력 가사를 출력 가사로 재작성하라.
단, 상위 > 중위 > 하위 순으로 중요도가 존재한다.

[상위 조건]
-- 입력되는 상황에 어울리도록 작성하라
-- 입력 가사와 출력 가사의 리듬 및 음절 수를 일치하라

[중위 조건]
-- 입력 가사의 리듬과 Rhyme을 유지하라
-- 입력 가사의 단어의 음절과 강세, 발음을 고려하라
-- 입력 가사와 동일한 단어를 사용할 수는 있지만 남발해서는 안된다.

[하위 조건]
-- 발음하기 쉽고, 노래부르기에 적합하도록 작성하라


입력 가사: 생각이 많은 건 말이야
당연히 해야 할 일이야
나에겐 우리가 지금 1순위야
안전한 유리병을 핑계로
바람을 가둬 둔 것 같지만
기억나? 그날의 우리가
잡았던 그 손엔 말이야
설레임보다 커다란 믿음이 담겨서
난 함박웃음을 지었지만
울음이 날 것도 같았어
소중한 건 언제나 두려움이니까
문을 열면 들리던 목소리
너로 인해 변해있던 따뜻한 공기
여전히 자신 없지만 안녕히
저기 사라진 별의 자리
아스라이 하얀 빛
한동안은 꺼내 볼 수 있을 거야
아낌없이 반짝인 시간은
조금씩 옅어져 가더라도
너와 내 맘에 살아 숨 쉴 테니
여긴 서로의 끝이 아닌
새로운 길 모퉁이
익숙함에 진심을 속이지 말자
하나 둘 추억이 떠오르면
많이 많이 그리워할 거야
고마웠어요 그래도 이제는
사건의 지평선 너머로
 

상황 : 몰래 술을 먹다 걸린 남편에게 화가난다.

출력 가사: ","잠자는 니 모습 말이야
죽빵 치고 싶단 말이야
너에겐 지금 도망이 1순위야
3박 5일 친정에 간다더니
왜 2박 3일만에 돌아 온거야
기억나? 3일 전 우리가
치웠던 쓰레기 말이야
분명히 치웠는데 또 나타난거지 왜
한방 때리고 싶지만
친구가 있어서 못하네
친구가면 기대해 당신 오늘 뒤졌다
갑자기 띠띠 도어락 소리
친구야 눈 뜨지마라 우리 망했다
무서워 무서워 와이프 무서워
저기 반짝이는 술병이
아스라히 느껴져
어젯밤 얼마나 퍼마셨는지를
오늘 내가 올 줄은 몰랐지
나는 네가 이럴줄 알았다
그래서 내가 급습을 한거야
여보 이건 너무 치사해
친구가 먹자 했어
익숙함에 긴장을 놓쳐버렸네
하나 둘 셋 넷 다섯 여섯병
자기야 나 술 많이 늘었지
그게 무슨 빡치는 소리야
막걸리 뚜껑 사이로
"
"조건에 맞추어서 입력 가사를 출력 가사로 재작성하라.
단, 상위 > 중위 > 하위 순으로 중요도가 존재한다.

[상위 조건]
-- 입력되는 상황에 어울리도록 작성하라
-- 입력 가사와 출력 가사의 리듬 및 음절 수를 일치하라

[중위 조건]
-- 입력 가사의 리듬과 Rhyme을 유지하라
-- 입력 가사의 단어의 음절과 강세, 발음을 고려하라
-- 입력 가사와 동일한 단어를 사용할 수는 있지만 남발해서는 안된다.

[하위 조건]
-- 발음하기 쉽고, 노래부르기에 적합하도록 작성하라


입력 가사: 떠나는 길에 니가 내게 말했지
'너는 바라는 게 너무나 많아
잠깐이라도 널 안 바라보면
머리에 불이 나버린다니까'
나는 흐르려는 눈물을 참고
하려던 얘길 어렵게 누르고
'그래 미안해'라는 한 마디로
너랑 나눈 날들 마무리했었지

달디달고 달디달고 달디단 밤양갱 밤양갱
내가 먹고 싶었던 건 달디단 밤양갱 밤양갱이야

떠나는 길에 니가 내게 말했지
'너는 바라는 게 너무나 많아'
아냐 내가 늘 바란 건 하나야
한 개뿐이야 달디단 밤양갱
 

상황 : 북한 김정은 위원장을 풍자하여 놀린다.

출력 가사: ","저 남은 괴뢰니까 내래 말했디
'동무는 발언한게 너무나 많아
쌀 좀 달라 도발 한발 놔보면
도시에 불이 나버린다니까'
나는 핵 날리는 단추를 찾고
핵 여럿 대기해 일없게 누르고
'기래 비핵해'라는 한 미의 뒤로
남녘 암호화폐들 핵무기에 썻디

날디날고 날디날고 날디난 평양갱 평양갱
내래 먹고 싶었던건 따뜻한 평양갱 평양갱이야

저 남은 괴뢰니까 내래 말했디
'동무는 발언한게 너무나 많아'
간나야 내래 늘 바란건 적화야
한계 무리야 따뜻한 평양갱
"
"조건에 맞추어서 입력 가사를 출력 가사로 재작성하라.
단, 상위 > 중위 > 하위 순으로 중요도가 존재한다.

[상위 조건]
-- 입력되는 상황에 어울리도록 작성하라
-- 입력 가사와 출력 가사의 리듬 및 음절 수를 일치하라

[중위 조건]
-- 입력 가사의 리듬과 Rhyme을 유지하라
-- 입력 가사의 단어의 음절과 강세, 발음을 고려하라
-- 입력 가사와 동일한 단어를 사용할 수는 있지만 남발해서는 안된다.

[하위 조건]
-- 발음하기 쉽고, 노래부르기에 적합하도록 작성하라


입력 가사: 네모난 침대에서 일어나 눈을 떠 보면
네모난 창문으로 보이는 똑같은 풍경
네모난 문을 열고 네모난 테이블에 앉아
네모난 조간신문 본 뒤

네모난 책가방에 네모난 책들을 넣고
네모난 버스를 타고 네모난 건물지나
네모난 학교에 들어서면 또 네모난 교실
네모난 칠판과 책상들

네모난 오디오 네모난 컴퓨터 TV
네모난 달력에 그려진 똑같은 하루를
의식도 못한채로 그냥 숨만 쉬고 있는걸

주위를 둘러보면 모두 네모난 것들 뿐인데
우린 언제나 듣지 잘난 어른의 멋진 이말
세상은 둥글게 살아야 해

지구본을 보면 우리사는 지군 둥근데
부속품들은 왜다 온통 네모난건지 몰라
어쩌면 그건 네모의 꿈일지 몰라

네모난 아버지의 지갑엔 네모난 지폐
네모난 팜플렛에 그려진 네모난 학원
네모난 마루에 걸려 있는 네모난 액자와
네모난 명함의 이름들

네모난 SPEAKER 위에 놓인 네모난 테잎
네모난 책장에 꽂혀있는 네모난 사전
네모난 서랍속에 쌓여있는 네모난 편지
이젠 네모같은 추억들

네모난 태극기 하늘 높이 펄럭이고
네모난 잡지에 그려진 이달의 운수는
희망없는 나에게 그나마의 기쁨인가 봐

주위를 둘러보면 모두 네모난 것들 뿐인데
우린 언제나 듣지 잘난 어른의 멋진 이말
'세상은 둥글게 살아야 해'

지구본을 보면 우리사는 지군 둥근데
부속품들은 왜 다 온통 네모난건지 몰라
어쩌면 그건 네모의 꿈일지 몰라
 

상황 : 탈모의 불편한점을 유쾌하게 풀어낸다

출력 가사: ","탈모난 머리를 긁적이며 눈을 떠 보면
이제는 익숙한 손가락 끝 그 매끈한 감촉
탈모약 하나 먹고 탈모난 아빠 옆에 앉아
탈모에 좋은 식단을 먹은 뒤

탈모난 기사님 모는 버스 자리에 앉아
탈모난 앵커가 하는 핸드폰 뉴스를 보다
탈모난 선생님 기다리는 학교에 오면
탈모라 놀리는 친구들

탈모를 가리려 꾹꾹 눌러 쓴 털모자
털보란 별명은 내 평생 들을 수 없을까
내 속도 모른 채로 머린 그저 반짝이는 걸

주위를 둘러보면 이렇게 탈모인 사람 많은데
우린 언제나 듣지 잘난 풍성충들의 이 말
탈모는 조용히 있어야 해

가족사진 보면 니네 아빠 머리도 탈모인데
풍성충들은 왜 다 지들은 탈모를 피할줄 알아
어쩌면그건 탈모의 꿈일지 몰라

탈모난 연예인이 광고하는 탈모 병원
근데 왜 병원장 선생님도 탈모인지 몰라
탈모난 축구선수 탈모난 의사와 CEO
온 세상 만연한 탈모들

탈모난 아빠와 추석에 귀성길을 가면
날 반기는 탈모난 할아버지와 탈모난 가족
탈모난 삼촌 작은아빠
왜 탈모지 고모는 머리 빼고 풍성한 한가위

탈모로 인해 오해받은 많은 나날들
고2 공개수업때 누구네 아버님인가요?
하고 묻는 철수엄마 아줌마 저도 학생인데요

주위를 둘러보면 이렇게 탈모인 사람 많은데
우린 언제나 듣지 잘난 풍성충들의 이 말
'탈모는 조용히 있어야 해'

가족사진 보면 니네 아빠 머리도 탈모인데
풍성충들은 왜 다 지들은 탈모를 피할줄 알아
어쩌면그건 탈모의 꿈일지 몰라
"
